sample,fastq_1,fastq_2,strandedness
ESC_KO_control_270min_dox_short_rep1,/scratch/Shares/rinn/Michael/firre_timecourse/rnaseq1/fastq/JR2406_R1.fq.gz,/scratch/Shares/rinn/Michael/firre_timecourse/rnaseq1/fastq/JR2406_R2.fq.gz,unstranded
ESC_KO_control_240min_dox_short_rep1,/scratch/Shares/rinn/Michael/firre_timecourse/rnaseq1/fastq/JR2407_R1.fq.gz,/scratch/Shares/rinn/Michael/firre_timecourse/rnaseq1/fastq/JR2407_R2.fq.gz,unstranded
ESC_KO_control_90min_dox_short_rep1,/scratch/Shares/rinn/Michael/firre_timecourse/rnaseq1/fastq/JR2408_R1.fq.gz,/scratch/Shares/rinn/Michael/firre_timecourse/rnaseq1/fastq/JR2408_R2.fq.gz,unstranded
ESC_KO_control_180min_dox_short_rep1,/scratch/Shares/rinn/Michael/firre_timecourse/rnaseq1/fastq/JR2409_R1.fq.gz,/scratch/Shares/rinn/Michael/firre_timecourse/rnaseq1/fastq/JR2409_R2.fq.gz,unstranded
ESC_KO_control_330min_dox_short_rep1,/scratch/Shares/rinn/Michael/firre_timecourse/rnaseq1/fastq/JR2410_R1.fq.gz,/scratch/Shares/rinn/Michael/firre_timecourse/rnaseq1/fastq/JR2410_R2.fq.gz,unstranded
ESC_KO_control_150min_dox_short_rep1,/scratch/Shares/rinn/Michael/firre_timecourse/rnaseq1/fastq/JR2411_R1.fq.gz,/scratch/Shares/rinn/Michael/firre_timecourse/rnaseq1/fastq/JR2411_R2.fq.gz,unstranded
ESC_KO_firre_induced_210min_dox_short_rep1,/scratch/Shares/rinn/Michael/firre_timecourse/rnaseq1/fastq/JR2412_R1.fq.gz,/scratch/Shares/rinn/Michael/firre_timecourse/rnaseq1/fastq/JR2412_R2.fq.gz,unstranded
ESC_KO_firre_induced_30min_dox_short_rep1,/scratch/Shares/rinn/Michael/firre_timecourse/rnaseq1/fastq/JR2413_R1.fq.gz,/scratch/Shares/rinn/Michael/firre_timecourse/rnaseq1/fastq/JR2413_R2.fq.gz,unstranded
ESC_KO_firre_induced_330min_dox_short_rep1,/scratch/Shares/rinn/Michael/firre_timecourse/rnaseq1/fastq/JR2414_R1.fq.gz,/scratch/Shares/rinn/Michael/firre_timecourse/rnaseq1/fastq/JR2414_R2.fq.gz,unstranded
ESC_KO_firre_induced_0min_dox_short_rep1,/scratch/Shares/rinn/Michael/firre_timecourse/rnaseq1/fastq/JR2415_R1.fq.gz,/scratch/Shares/rinn/Michael/firre_timecourse/rnaseq1/fastq/JR2415_R2.fq.gz,unstranded
ESC_KO_firre_induced_120min_dox_short_rep1,/scratch/Shares/rinn/Michael/firre_timecourse/rnaseq1/fastq/JR2416_R1.fq.gz,/scratch/Shares/rinn/Michael/firre_timecourse/rnaseq1/fastq/JR2416_R2.fq.gz,unstranded
ESC_KO_firre_induced_90min_dox_short_rep1,/scratch/Shares/rinn/Michael/firre_timecourse/rnaseq1/fastq/JR2417_R1.fq.gz,/scratch/Shares/rinn/Michael/firre_timecourse/rnaseq1/fastq/JR2417_R2.fq.gz,unstranded
ESC_KO_control_210min_dox_short_rep1,/scratch/Shares/rinn/Michael/firre_timecourse/rnaseq1/fastq/JR2418_R1.fq.gz,/scratch/Shares/rinn/Michael/firre_timecourse/rnaseq1/fastq/JR2418_R2.fq.gz,unstranded
ESC_KO_control_60min_dox_short_rep1,/scratch/Shares/rinn/Michael/firre_timecourse/rnaseq1/fastq/JR2419_R1.fq.gz,/scratch/Shares/rinn/Michael/firre_timecourse/rnaseq1/fastq/JR2419_R2.fq.gz,unstranded
ESC_KO_control_0min_dox_short_rep1,/scratch/Shares/rinn/Michael/firre_timecourse/rnaseq1/fastq/JR2420_R1.fq.gz,/scratch/Shares/rinn/Michael/firre_timecourse/rnaseq1/fastq/JR2420_R2.fq.gz,unstranded
ESC_KO_control_300min_dox_short_rep1,/scratch/Shares/rinn/Michael/firre_timecourse/rnaseq1/fastq/JR2421_R1.fq.gz,/scratch/Shares/rinn/Michael/firre_timecourse/rnaseq1/fastq/JR2421_R2.fq.gz,unstranded
ESC_KO_control_120min_dox_short_rep1,/scratch/Shares/rinn/Michael/firre_timecourse/rnaseq1/fastq/JR2422_R1.fq.gz,/scratch/Shares/rinn/Michael/firre_timecourse/rnaseq1/fastq/JR2422_R2.fq.gz,unstranded
ESC_KO_control_30min_dox_short_rep1,/scratch/Shares/rinn/Michael/firre_timecourse/rnaseq1/fastq/JR2423_R1.fq.gz,/scratch/Shares/rinn/Michael/firre_timecourse/rnaseq1/fastq/JR2423_R2.fq.gz,unstranded
ESC_KO_firre_induced_300min_dox_short_rep1,/scratch/Shares/rinn/Michael/firre_timecourse/rnaseq1/fastq/JR2424_R1.fq.gz,/scratch/Shares/rinn/Michael/firre_timecourse/rnaseq1/fastq/JR2424_R2.fq.gz,unstranded
ESC_KO_firre_induced_150min_dox_short_rep1,/scratch/Shares/rinn/Michael/firre_timecourse/rnaseq1/fastq/JR2425_R1.fq.gz,/scratch/Shares/rinn/Michael/firre_timecourse/rnaseq1/fastq/JR2425_R2.fq.gz,unstranded
ESC_KO_firre_induced_240min_dox_short_rep1,/scratch/Shares/rinn/Michael/firre_timecourse/rnaseq1/fastq/JR2426_R1.fq.gz,/scratch/Shares/rinn/Michael/firre_timecourse/rnaseq1/fastq/JR2426_R2.fq.gz,unstranded
ESC_KO_firre_induced_60min_dox_short_rep1,/scratch/Shares/rinn/Michael/firre_timecourse/rnaseq1/fastq/JR2427_R1.fq.gz,/scratch/Shares/rinn/Michael/firre_timecourse/rnaseq1/fastq/JR2427_R2.fq.gz,unstranded
ESC_KO_firre_induced_270min_dox_short_rep1,/scratch/Shares/rinn/Michael/firre_timecourse/rnaseq1/fastq/JR2428_R1.fq.gz,/scratch/Shares/rinn/Michael/firre_timecourse/rnaseq1/fastq/JR2428_R2.fq.gz,unstranded
ESC_KO_firre_induced_180min_dox_short_rep1,/scratch/Shares/rinn/Michael/firre_timecourse/rnaseq1/fastq/JR2429_R1.fq.gz,/scratch/Shares/rinn/Michael/firre_timecourse/rnaseq1/fastq/JR2429_R2.fq.gz,unstranded
ESC_KO_control_240min_dox_short_rep2,/scratch/Shares/rinn/Michael/firre_timecourse/rnaseq1/fastq/JR2430_R1.fq.gz,/scratch/Shares/rinn/Michael/firre_timecourse/rnaseq1/fastq/JR2430_R2.fq.gz,unstranded
ESC_KO_control_270min_dox_short_rep2,/scratch/Shares/rinn/Michael/firre_timecourse/rnaseq1/fastq/JR2431_R1.fq.gz,/scratch/Shares/rinn/Michael/firre_timecourse/rnaseq1/fastq/JR2431_R2.fq.gz,unstranded
ESC_KO_control_180min_dox_short_rep2,/scratch/Shares/rinn/Michael/firre_timecourse/rnaseq1/fastq/JR2432_R1.fq.gz,/scratch/Shares/rinn/Michael/firre_timecourse/rnaseq1/fastq/JR2432_R2.fq.gz,unstranded
ESC_KO_control_300min_dox_short_rep2,/scratch/Shares/rinn/Michael/firre_timecourse/rnaseq1/fastq/JR2433_R1.fq.gz,/scratch/Shares/rinn/Michael/firre_timecourse/rnaseq1/fastq/JR2433_R2.fq.gz,unstranded
ESC_KO_control_330min_dox_short_rep2,/scratch/Shares/rinn/Michael/firre_timecourse/rnaseq1/fastq/JR2434_R1.fq.gz,/scratch/Shares/rinn/Michael/firre_timecourse/rnaseq1/fastq/JR2434_R2.fq.gz,unstranded
ESC_KO_control_30min_dox_short_rep2,/scratch/Shares/rinn/Michael/firre_timecourse/rnaseq1/fastq/JR2435_R1.fq.gz,/scratch/Shares/rinn/Michael/firre_timecourse/rnaseq1/fastq/JR2435_R2.fq.gz,unstranded
ESC_KO_firre_induced_240min_dox_short_rep2,/scratch/Shares/rinn/Michael/firre_timecourse/rnaseq1/fastq/JR2436_R1.fq.gz,/scratch/Shares/rinn/Michael/firre_timecourse/rnaseq1/fastq/JR2436_R2.fq.gz,unstranded
ESC_KO_firre_induced_0min_dox_short_rep2,/scratch/Shares/rinn/Michael/firre_timecourse/rnaseq1/fastq/JR2437_R1.fq.gz,/scratch/Shares/rinn/Michael/firre_timecourse/rnaseq1/fastq/JR2437_R2.fq.gz,unstranded
ESC_KO_firre_induced_60min_dox_short_rep2,/scratch/Shares/rinn/Michael/firre_timecourse/rnaseq1/fastq/JR2438_R1.fq.gz,/scratch/Shares/rinn/Michael/firre_timecourse/rnaseq1/fastq/JR2438_R2.fq.gz,unstranded
ESC_KO_firre_induced_120min_dox_short_rep2,/scratch/Shares/rinn/Michael/firre_timecourse/rnaseq1/fastq/JR2439_R1.fq.gz,/scratch/Shares/rinn/Michael/firre_timecourse/rnaseq1/fastq/JR2439_R2.fq.gz,unstranded
ESC_KO_firre_induced_30min_dox_short_rep2,/scratch/Shares/rinn/Michael/firre_timecourse/rnaseq1/fastq/JR2440_R1.fq.gz,/scratch/Shares/rinn/Michael/firre_timecourse/rnaseq1/fastq/JR2440_R2.fq.gz,unstranded
ESC_KO_firre_induced_180min_dox_short_rep2,/scratch/Shares/rinn/Michael/firre_timecourse/rnaseq1/fastq/JR2441_R1.fq.gz,/scratch/Shares/rinn/Michael/firre_timecourse/rnaseq1/fastq/JR2441_R2.fq.gz,unstranded
ESC_KO_control_210min_dox_short_rep2,/scratch/Shares/rinn/Michael/firre_timecourse/rnaseq1/fastq/JR2442_R1.fq.gz,/scratch/Shares/rinn/Michael/firre_timecourse/rnaseq1/fastq/JR2442_R2.fq.gz,unstranded
ESC_KO_control_0min_dox_short_rep2,/scratch/Shares/rinn/Michael/firre_timecourse/rnaseq1/fastq/JR2443_R1.fq.gz,/scratch/Shares/rinn/Michael/firre_timecourse/rnaseq1/fastq/JR2443_R2.fq.gz,unstranded
ESC_KO_control_150min_dox_short_rep2,/scratch/Shares/rinn/Michael/firre_timecourse/rnaseq1/fastq/JR2444_R1.fq.gz,/scratch/Shares/rinn/Michael/firre_timecourse/rnaseq1/fastq/JR2444_R2.fq.gz,unstranded
ESC_KO_control_120min_dox_short_rep2,/scratch/Shares/rinn/Michael/firre_timecourse/rnaseq1/fastq/JR2445_R1.fq.gz,/scratch/Shares/rinn/Michael/firre_timecourse/rnaseq1/fastq/JR2445_R2.fq.gz,unstranded
ESC_KO_control_90min_dox_short_rep2,/scratch/Shares/rinn/Michael/firre_timecourse/rnaseq1/fastq/JR2446_R1.fq.gz,/scratch/Shares/rinn/Michael/firre_timecourse/rnaseq1/fastq/JR2446_R2.fq.gz,unstranded
ESC_KO_control_60min_dox_short_rep2,/scratch/Shares/rinn/Michael/firre_timecourse/rnaseq1/fastq/JR2447_R1.fq.gz,/scratch/Shares/rinn/Michael/firre_timecourse/rnaseq1/fastq/JR2447_R2.fq.gz,unstranded
ESC_KO_firre_induced_300min_dox_short_rep2,/scratch/Shares/rinn/Michael/firre_timecourse/rnaseq1/fastq/JR2448_R1.fq.gz,/scratch/Shares/rinn/Michael/firre_timecourse/rnaseq1/fastq/JR2448_R2.fq.gz,unstranded
ESC_KO_firre_induced_210min_dox_short_rep2,/scratch/Shares/rinn/Michael/firre_timecourse/rnaseq1/fastq/JR2449_R1.fq.gz,/scratch/Shares/rinn/Michael/firre_timecourse/rnaseq1/fastq/JR2449_R2.fq.gz,unstranded
ESC_KO_firre_induced_150min_dox_short_rep2,/scratch/Shares/rinn/Michael/firre_timecourse/rnaseq1/fastq/JR2450_R1.fq.gz,/scratch/Shares/rinn/Michael/firre_timecourse/rnaseq1/fastq/JR2450_R2.fq.gz,unstranded
ESC_KO_firre_induced_270min_dox_short_rep2,/scratch/Shares/rinn/Michael/firre_timecourse/rnaseq1/fastq/JR2451_R1.fq.gz,/scratch/Shares/rinn/Michael/firre_timecourse/rnaseq1/fastq/JR2451_R2.fq.gz,unstranded
ESC_KO_firre_induced_330min_dox_short_rep2,/scratch/Shares/rinn/Michael/firre_timecourse/rnaseq1/fastq/JR2452_R1.fq.gz,/scratch/Shares/rinn/Michael/firre_timecourse/rnaseq1/fastq/JR2452_R2.fq.gz,unstranded
ESC_KO_firre_induced_90min_dox_short_rep2,/scratch/Shares/rinn/Michael/firre_timecourse/rnaseq1/fastq/JR2453_R1.fq.gz,/scratch/Shares/rinn/Michael/firre_timecourse/rnaseq1/fastq/JR2453_R2.fq.gz,unstranded
pMEF_WT_control_0min_dox_short_rep1,/scratch/Shares/rinn/Michael/firre_timecourse/rnaseq1/fastq/JR2492_R1.fq.gz,/scratch/Shares/rinn/Michael/firre_timecourse/rnaseq1/fastq/JR2492_R2.fq.gz,unstranded
pMEF_WT_control_300min_dox_short_rep1,/scratch/Shares/rinn/Michael/firre_timecourse/rnaseq1/fastq/JR2493_R1.fq.gz,/scratch/Shares/rinn/Michael/firre_timecourse/rnaseq1/fastq/JR2493_R2.fq.gz,unstranded
pMEF_WT_control_330min_dox_short_rep1,/scratch/Shares/rinn/Michael/firre_timecourse/rnaseq1/fastq/JR2494_R1.fq.gz,/scratch/Shares/rinn/Michael/firre_timecourse/rnaseq1/fastq/JR2494_R2.fq.gz,unstranded
pMEF_WT_control_90min_dox_short_rep1,/scratch/Shares/rinn/Michael/firre_timecourse/rnaseq1/fastq/JR2495_R1.fq.gz,/scratch/Shares/rinn/Michael/firre_timecourse/rnaseq1/fastq/JR2495_R2.fq.gz,unstranded
pMEF_WT_control_210min_dox_short_rep1,/scratch/Shares/rinn/Michael/firre_timecourse/rnaseq1/fastq/JR2496_R1.fq.gz,/scratch/Shares/rinn/Michael/firre_timecourse/rnaseq1/fastq/JR2496_R2.fq.gz,unstranded
pMEF_WT_control_60min_dox_short_rep1,/scratch/Shares/rinn/Michael/firre_timecourse/rnaseq1/fastq/JR2497_R1.fq.gz,/scratch/Shares/rinn/Michael/firre_timecourse/rnaseq1/fastq/JR2497_R2.fq.gz,unstranded
pMEF_WT_control_180min_dox_short_rep1,/scratch/Shares/rinn/Michael/firre_timecourse/rnaseq1/fastq/JR2498_R1.fq.gz,/scratch/Shares/rinn/Michael/firre_timecourse/rnaseq1/fastq/JR2498_R2.fq.gz,unstranded
pMEF_WT_control_120min_dox_short_rep1,/scratch/Shares/rinn/Michael/firre_timecourse/rnaseq1/fastq/JR2499_R1.fq.gz,/scratch/Shares/rinn/Michael/firre_timecourse/rnaseq1/fastq/JR2499_R2.fq.gz,unstranded
pMEF_WT_control_150min_dox_short_rep1,/scratch/Shares/rinn/Michael/firre_timecourse/rnaseq1/fastq/JR2500_R1.fq.gz,/scratch/Shares/rinn/Michael/firre_timecourse/rnaseq1/fastq/JR2500_R2.fq.gz,unstranded
pMEF_WT_control_240min_dox_short_rep1,/scratch/Shares/rinn/Michael/firre_timecourse/rnaseq1/fastq/JR2501_R1.fq.gz,/scratch/Shares/rinn/Michael/firre_timecourse/rnaseq1/fastq/JR2501_R2.fq.gz,unstranded
pMEF_WT_control_270min_dox_short_rep1,/scratch/Shares/rinn/Michael/firre_timecourse/rnaseq1/fastq/JR2502_R1.fq.gz,/scratch/Shares/rinn/Michael/firre_timecourse/rnaseq1/fastq/JR2502_R2.fq.gz,unstranded
pMEF_WT_control_30min_dox_short_rep1,/scratch/Shares/rinn/Michael/firre_timecourse/rnaseq1/fastq/JR2503_R1.fq.gz,/scratch/Shares/rinn/Michael/firre_timecourse/rnaseq1/fastq/JR2503_R2.fq.gz,unstranded
pMEF_KO_firre_induced_120min_dox_short_rep1,/scratch/Shares/rinn/Michael/firre_timecourse/rnaseq1/fastq/JR2504_R1.fq.gz,/scratch/Shares/rinn/Michael/firre_timecourse/rnaseq1/fastq/JR2504_R2.fq.gz,unstranded
pMEF_KO_firre_induced_330min_dox_short_rep1,/scratch/Shares/rinn/Michael/firre_timecourse/rnaseq1/fastq/JR2505_R1.fq.gz,/scratch/Shares/rinn/Michael/firre_timecourse/rnaseq1/fastq/JR2505_R2.fq.gz,unstranded
pMEF_KO_firre_induced_180min_dox_short_rep1,/scratch/Shares/rinn/Michael/firre_timecourse/rnaseq1/fastq/JR2506_R1.fq.gz,/scratch/Shares/rinn/Michael/firre_timecourse/rnaseq1/fastq/JR2506_R2.fq.gz,unstranded
pMEF_KO_firre_induced_270min_dox_short_rep1,/scratch/Shares/rinn/Michael/firre_timecourse/rnaseq1/fastq/JR2507_R1.fq.gz,/scratch/Shares/rinn/Michael/firre_timecourse/rnaseq1/fastq/JR2507_R2.fq.gz,unstranded
pMEF_KO_firre_induced_240min_dox_short_rep1,/scratch/Shares/rinn/Michael/firre_timecourse/rnaseq1/fastq/JR2508_R1.fq.gz,/scratch/Shares/rinn/Michael/firre_timecourse/rnaseq1/fastq/JR2508_R2.fq.gz,unstranded
pMEF_KO_firre_induced_150min_dox_short_rep1,/scratch/Shares/rinn/Michael/firre_timecourse/rnaseq1/fastq/JR2509_R1.fq.gz,/scratch/Shares/rinn/Michael/firre_timecourse/rnaseq1/fastq/JR2509_R2.fq.gz,unstranded
pMEF_KO_firre_induced_210min_dox_short_rep1,/scratch/Shares/rinn/Michael/firre_timecourse/rnaseq1/fastq/JR2510_R1.fq.gz,/scratch/Shares/rinn/Michael/firre_timecourse/rnaseq1/fastq/JR2510_R2.fq.gz,unstranded
pMEF_KO_firre_induced_300min_dox_short_rep1,/scratch/Shares/rinn/Michael/firre_timecourse/rnaseq1/fastq/JR2511_R1.fq.gz,/scratch/Shares/rinn/Michael/firre_timecourse/rnaseq1/fastq/JR2511_R2.fq.gz,unstranded
pMEF_KO_firre_induced_90min_dox_short_rep1,/scratch/Shares/rinn/Michael/firre_timecourse/rnaseq1/fastq/JR2512_R1.fq.gz,/scratch/Shares/rinn/Michael/firre_timecourse/rnaseq1/fastq/JR2512_R2.fq.gz,unstranded
pMEF_KO_firre_induced_60min_dox_short_rep1,/scratch/Shares/rinn/Michael/firre_timecourse/rnaseq1/fastq/JR2513_R1.fq.gz,/scratch/Shares/rinn/Michael/firre_timecourse/rnaseq1/fastq/JR2513_R2.fq.gz,unstranded
pMEF_KO_firre_induced_30min_dox_short_rep1,/scratch/Shares/rinn/Michael/firre_timecourse/rnaseq1/fastq/JR2514_R1.fq.gz,/scratch/Shares/rinn/Michael/firre_timecourse/rnaseq1/fastq/JR2514_R2.fq.gz,unstranded
pMEF_KO_firre_induced_0min_dox_short_rep1,/scratch/Shares/rinn/Michael/firre_timecourse/rnaseq1/fastq/JR2515_R1.fq.gz,/scratch/Shares/rinn/Michael/firre_timecourse/rnaseq1/fastq/JR2515_R2.fq.gz,unstranded
ESC_WT_control_240min_dox_short_rep1,/scratch/Shares/rinn/Michael/firre_timecourse/rnaseq1/fastq/JR2516_R1.fq.gz,/scratch/Shares/rinn/Michael/firre_timecourse/rnaseq1/fastq/JR2516_R2.fq.gz,unstranded
ESC_WT_control_270min_dox_short_rep1,/scratch/Shares/rinn/Michael/firre_timecourse/rnaseq1/fastq/JR2517_R1.fq.gz,/scratch/Shares/rinn/Michael/firre_timecourse/rnaseq1/fastq/JR2517_R2.fq.gz,unstranded
ESC_WT_control_90min_dox_short_rep2,/scratch/Shares/rinn/Michael/firre_timecourse/rnaseq1/fastq/JR2518_R1.fq.gz,/scratch/Shares/rinn/Michael/firre_timecourse/rnaseq1/fastq/JR2518_R2.fq.gz,unstranded
ESC_WT_control_60min_dox_short_rep1,/scratch/Shares/rinn/Michael/firre_timecourse/rnaseq1/fastq/JR2519_R1.fq.gz,/scratch/Shares/rinn/Michael/firre_timecourse/rnaseq1/fastq/JR2519_R2.fq.gz,unstranded
ESC_WT_control_0min_dox_short_rep2,/scratch/Shares/rinn/Michael/firre_timecourse/rnaseq1/fastq/JR2520_R1.fq.gz,/scratch/Shares/rinn/Michael/firre_timecourse/rnaseq1/fastq/JR2520_R2.fq.gz,unstranded
ESC_WT_control_120min_dox_short_rep1,/scratch/Shares/rinn/Michael/firre_timecourse/rnaseq1/fastq/JR2521_R1.fq.gz,/scratch/Shares/rinn/Michael/firre_timecourse/rnaseq1/fastq/JR2521_R2.fq.gz,unstranded
ESC_WT_control_180min_dox_short_rep2,/scratch/Shares/rinn/Michael/firre_timecourse/rnaseq1/fastq/JR2522_R1.fq.gz,/scratch/Shares/rinn/Michael/firre_timecourse/rnaseq1/fastq/JR2522_R2.fq.gz,unstranded
ESC_WT_control_270min_dox_short_rep2,/scratch/Shares/rinn/Michael/firre_timecourse/rnaseq1/fastq/JR2523_R1.fq.gz,/scratch/Shares/rinn/Michael/firre_timecourse/rnaseq1/fastq/JR2523_R2.fq.gz,unstranded
ESC_WT_control_210min_dox_short_rep1,/scratch/Shares/rinn/Michael/firre_timecourse/rnaseq1/fastq/JR2524_R1.fq.gz,/scratch/Shares/rinn/Michael/firre_timecourse/rnaseq1/fastq/JR2524_R2.fq.gz,unstranded
ESC_WT_control_120min_dox_short_rep2,/scratch/Shares/rinn/Michael/firre_timecourse/rnaseq1/fastq/JR2525_R1.fq.gz,/scratch/Shares/rinn/Michael/firre_timecourse/rnaseq1/fastq/JR2525_R2.fq.gz,unstranded
ESC_WT_control_90min_dox_short_rep1,/scratch/Shares/rinn/Michael/firre_timecourse/rnaseq1/fastq/JR2526_R1.fq.gz,/scratch/Shares/rinn/Michael/firre_timecourse/rnaseq1/fastq/JR2526_R2.fq.gz,unstranded
ESC_WT_control_300min_dox_short_rep2,/scratch/Shares/rinn/Michael/firre_timecourse/rnaseq1/fastq/JR2527_R1.fq.gz,/scratch/Shares/rinn/Michael/firre_timecourse/rnaseq1/fastq/JR2527_R2.fq.gz,unstranded
ESC_WT_control_150min_dox_short_rep2,/scratch/Shares/rinn/Michael/firre_timecourse/rnaseq1/fastq/JR2528_R1.fq.gz,/scratch/Shares/rinn/Michael/firre_timecourse/rnaseq1/fastq/JR2528_R2.fq.gz,unstranded
ESC_WT_control_30min_dox_short_rep1,/scratch/Shares/rinn/Michael/firre_timecourse/rnaseq1/fastq/JR2529_R1.fq.gz,/scratch/Shares/rinn/Michael/firre_timecourse/rnaseq1/fastq/JR2529_R2.fq.gz,unstranded
ESC_WT_control_180min_dox_short_rep1,/scratch/Shares/rinn/Michael/firre_timecourse/rnaseq1/fastq/JR2530_R1.fq.gz,/scratch/Shares/rinn/Michael/firre_timecourse/rnaseq1/fastq/JR2530_R2.fq.gz,unstranded
ESC_WT_control_150min_dox_short_rep1,/scratch/Shares/rinn/Michael/firre_timecourse/rnaseq1/fastq/JR2531_R1.fq.gz,/scratch/Shares/rinn/Michael/firre_timecourse/rnaseq1/fastq/JR2531_R2.fq.gz,unstranded
ESC_WT_control_300min_dox_short_rep1,/scratch/Shares/rinn/Michael/firre_timecourse/rnaseq1/fastq/JR2532_R1.fq.gz,/scratch/Shares/rinn/Michael/firre_timecourse/rnaseq1/fastq/JR2532_R2.fq.gz,unstranded
ESC_WT_control_30min_dox_short_rep2,/scratch/Shares/rinn/Michael/firre_timecourse/rnaseq1/fastq/JR2533_R1.fq.gz,/scratch/Shares/rinn/Michael/firre_timecourse/rnaseq1/fastq/JR2533_R2.fq.gz,unstranded
ESC_WT_control_330min_dox_short_rep2,/scratch/Shares/rinn/Michael/firre_timecourse/rnaseq1/fastq/JR2534_R1.fq.gz,/scratch/Shares/rinn/Michael/firre_timecourse/rnaseq1/fastq/JR2534_R2.fq.gz,unstranded
ESC_WT_control_330min_dox_short_rep1,/scratch/Shares/rinn/Michael/firre_timecourse/rnaseq1/fastq/JR2535_R1.fq.gz,/scratch/Shares/rinn/Michael/firre_timecourse/rnaseq1/fastq/JR2535_R2.fq.gz,unstranded
ESC_WT_control_0min_dox_short_rep1,/scratch/Shares/rinn/Michael/firre_timecourse/rnaseq1/fastq/JR2536_R1.fq.gz,/scratch/Shares/rinn/Michael/firre_timecourse/rnaseq1/fastq/JR2536_R2.fq.gz,unstranded
ESC_WT_control_60min_dox_short_rep2,/scratch/Shares/rinn/Michael/firre_timecourse/rnaseq1/fastq/JR2537_R1.fq.gz,/scratch/Shares/rinn/Michael/firre_timecourse/rnaseq1/fastq/JR2537_R2.fq.gz,unstranded
ESC_WT_control_240min_dox_short_rep2,/scratch/Shares/rinn/Michael/firre_timecourse/rnaseq1/fastq/JR2538_R1.fq.gz,/scratch/Shares/rinn/Michael/firre_timecourse/rnaseq1/fastq/JR2538_R2.fq.gz,unstranded
ESC_WT_control_210min_dox_short_rep2,/scratch/Shares/rinn/Michael/firre_timecourse/rnaseq1/fastq/JR2539_R1.fq.gz,/scratch/Shares/rinn/Michael/firre_timecourse/rnaseq1/fastq/JR2539_R2.fq.gz,unstranded
ESC_WT_firre_induced_180min_dox_short_rep1,/scratch/Shares/rinn/Michael/firre_timecourse/rnaseq1/fastq/JR2540_R1.fq.gz,/scratch/Shares/rinn/Michael/firre_timecourse/rnaseq1/fastq/JR2540_R2.fq.gz,unstranded
ESC_WT_firre_induced_300min_dox_short_rep1,/scratch/Shares/rinn/Michael/firre_timecourse/rnaseq1/fastq/JR2541_R1.fq.gz,/scratch/Shares/rinn/Michael/firre_timecourse/rnaseq1/fastq/JR2541_R2.fq.gz,unstranded
ESC_WT_firre_induced_300min_dox_short_rep2,/scratch/Shares/rinn/Michael/firre_timecourse/rnaseq1/fastq/JR2542_R1.fq.gz,/scratch/Shares/rinn/Michael/firre_timecourse/rnaseq1/fastq/JR2542_R2.fq.gz,unstranded
ESC_WT_firre_induced_120min_dox_short_rep2,/scratch/Shares/rinn/Michael/firre_timecourse/rnaseq1/fastq/JR2543_R1.fq.gz,/scratch/Shares/rinn/Michael/firre_timecourse/rnaseq1/fastq/JR2543_R2.fq.gz,unstranded
ESC_WT_firre_induced_150min_dox_short_rep1,/scratch/Shares/rinn/Michael/firre_timecourse/rnaseq1/fastq/JR2544_R1.fq.gz,/scratch/Shares/rinn/Michael/firre_timecourse/rnaseq1/fastq/JR2544_R2.fq.gz,unstranded
ESC_WT_firre_induced_210min_dox_short_rep1,/scratch/Shares/rinn/Michael/firre_timecourse/rnaseq1/fastq/JR2545_R1.fq.gz,/scratch/Shares/rinn/Michael/firre_timecourse/rnaseq1/fastq/JR2545_R2.fq.gz,unstranded
ESC_WT_firre_induced_60min_dox_short_rep1,/scratch/Shares/rinn/Michael/firre_timecourse/rnaseq1/fastq/JR2546_R1.fq.gz,/scratch/Shares/rinn/Michael/firre_timecourse/rnaseq1/fastq/JR2546_R2.fq.gz,unstranded
ESC_WT_firre_induced_330min_dox_short_rep1,/scratch/Shares/rinn/Michael/firre_timecourse/rnaseq1/fastq/JR2547_R1.fq.gz,/scratch/Shares/rinn/Michael/firre_timecourse/rnaseq1/fastq/JR2547_R2.fq.gz,unstranded
ESC_WT_firre_induced_30min_dox_short_rep2,/scratch/Shares/rinn/Michael/firre_timecourse/rnaseq1/fastq/JR2548_R1.fq.gz,/scratch/Shares/rinn/Michael/firre_timecourse/rnaseq1/fastq/JR2548_R2.fq.gz,unstranded
ESC_WT_firre_induced_150min_dox_short_rep2,/scratch/Shares/rinn/Michael/firre_timecourse/rnaseq1/fastq/JR2549_R1.fq.gz,/scratch/Shares/rinn/Michael/firre_timecourse/rnaseq1/fastq/JR2549_R2.fq.gz,unstranded
ESC_WT_firre_induced_90min_dox_short_rep2,/scratch/Shares/rinn/Michael/firre_timecourse/rnaseq1/fastq/JR2550_R1.fq.gz,/scratch/Shares/rinn/Michael/firre_timecourse/rnaseq1/fastq/JR2550_R2.fq.gz,unstranded
ESC_WT_firre_induced_0min_dox_short_rep2,/scratch/Shares/rinn/Michael/firre_timecourse/rnaseq1/fastq/JR2551_R1.fq.gz,/scratch/Shares/rinn/Michael/firre_timecourse/rnaseq1/fastq/JR2551_R2.fq.gz,unstranded
ESC_WT_firre_induced_210min_dox_short_rep2,/scratch/Shares/rinn/Michael/firre_timecourse/rnaseq1/fastq/JR2552_R1.fq.gz,/scratch/Shares/rinn/Michael/firre_timecourse/rnaseq1/fastq/JR2552_R2.fq.gz,unstranded
ESC_WT_firre_induced_330min_dox_short_rep2,/scratch/Shares/rinn/Michael/firre_timecourse/rnaseq1/fastq/JR2553_R1.fq.gz,/scratch/Shares/rinn/Michael/firre_timecourse/rnaseq1/fastq/JR2553_R2.fq.gz,unstranded
ESC_WT_firre_induced_240min_dox_short_rep2,/scratch/Shares/rinn/Michael/firre_timecourse/rnaseq1/fastq/JR2554_R1.fq.gz,/scratch/Shares/rinn/Michael/firre_timecourse/rnaseq1/fastq/JR2554_R2.fq.gz,unstranded
ESC_WT_firre_induced_90min_dox_short_rep1,/scratch/Shares/rinn/Michael/firre_timecourse/rnaseq1/fastq/JR2555_R1.fq.gz,/scratch/Shares/rinn/Michael/firre_timecourse/rnaseq1/fastq/JR2555_R2.fq.gz,unstranded
ESC_WT_firre_induced_30min_dox_short_rep1,/scratch/Shares/rinn/Michael/firre_timecourse/rnaseq1/fastq/JR2556_R1.fq.gz,/scratch/Shares/rinn/Michael/firre_timecourse/rnaseq1/fastq/JR2556_R2.fq.gz,unstranded
ESC_WT_firre_induced_60min_dox_short_rep2,/scratch/Shares/rinn/Michael/firre_timecourse/rnaseq1/fastq/JR2557_R1.fq.gz,/scratch/Shares/rinn/Michael/firre_timecourse/rnaseq1/fastq/JR2557_R2.fq.gz,unstranded
ESC_WT_firre_induced_240min_dox_short_rep1,/scratch/Shares/rinn/Michael/firre_timecourse/rnaseq1/fastq/JR2558_R1.fq.gz,/scratch/Shares/rinn/Michael/firre_timecourse/rnaseq1/fastq/JR2558_R2.fq.gz,unstranded
ESC_WT_firre_induced_270min_dox_short_rep1,/scratch/Shares/rinn/Michael/firre_timecourse/rnaseq1/fastq/JR2559_R1.fq.gz,/scratch/Shares/rinn/Michael/firre_timecourse/rnaseq1/fastq/JR2559_R2.fq.gz,unstranded
ESC_WT_firre_induced_180min_dox_short_rep2,/scratch/Shares/rinn/Michael/firre_timecourse/rnaseq1/fastq/JR2560_R1.fq.gz,/scratch/Shares/rinn/Michael/firre_timecourse/rnaseq1/fastq/JR2560_R2.fq.gz,unstranded
ESC_WT_firre_induced_120min_dox_short_rep1,/scratch/Shares/rinn/Michael/firre_timecourse/rnaseq1/fastq/JR2561_R1.fq.gz,/scratch/Shares/rinn/Michael/firre_timecourse/rnaseq1/fastq/JR2561_R2.fq.gz,unstranded
ESC_WT_firre_induced_270min_dox_short_rep2,/scratch/Shares/rinn/Michael/firre_timecourse/rnaseq1/fastq/JR2562_R1.fq.gz,/scratch/Shares/rinn/Michael/firre_timecourse/rnaseq1/fastq/JR2562_R2.fq.gz,unstranded
ESC_WT_firre_induced_0min_dox_short_rep1,/scratch/Shares/rinn/Michael/firre_timecourse/rnaseq1/fastq/JR2563_R1.fq.gz,/scratch/Shares/rinn/Michael/firre_timecourse/rnaseq1/fastq/JR2563_R2.fq.gz,unstranded
ESC_WT_control_5760min_dox_long_rep2,/scratch/Shares/rinn/Michael/firre_timecourse/rnaseq1/fastq/JR2706_R1.fq.gz,/scratch/Shares/rinn/Michael/firre_timecourse/rnaseq1/fastq/JR2706_R2.fq.gz,unstranded
ESC_WT_control_0min_dox_long_rep3,/scratch/Shares/rinn/Michael/firre_timecourse/rnaseq1/fastq/JR2707_R1.fq.gz,/scratch/Shares/rinn/Michael/firre_timecourse/rnaseq1/fastq/JR2707_R2.fq.gz,unstranded
ESC_WT_control_0min_dox_long_rep1,/scratch/Shares/rinn/Michael/firre_timecourse/rnaseq1/fastq/JR2708_R1.fq.gz,/scratch/Shares/rinn/Michael/firre_timecourse/rnaseq1/fastq/JR2708_R2.fq.gz,unstranded
ESC_WT_firre_induced_5760min_dox_long_rep3,/scratch/Shares/rinn/Michael/firre_timecourse/rnaseq1/fastq/JR2709_R1.fq.gz,/scratch/Shares/rinn/Michael/firre_timecourse/rnaseq1/fastq/JR2709_R2.fq.gz,unstranded
ESC_WT_control_0min_dox_long_rep2,/scratch/Shares/rinn/Michael/firre_timecourse/rnaseq1/fastq/JR2710_R1.fq.gz,/scratch/Shares/rinn/Michael/firre_timecourse/rnaseq1/fastq/JR2710_R2.fq.gz,unstranded
ESC_WT_firre_induced_0min_dox_long_rep1,/scratch/Shares/rinn/Michael/firre_timecourse/rnaseq1/fastq/JR2711_R1.fq.gz,/scratch/Shares/rinn/Michael/firre_timecourse/rnaseq1/fastq/JR2711_R2.fq.gz,unstranded
ESC_WT_firre_induced_5760min_dox_long_rep1,/scratch/Shares/rinn/Michael/firre_timecourse/rnaseq1/fastq/JR2712_R1.fq.gz,/scratch/Shares/rinn/Michael/firre_timecourse/rnaseq1/fastq/JR2712_R2.fq.gz,unstranded
ESC_WT_firre_induced_5760min_dox_long_rep2,/scratch/Shares/rinn/Michael/firre_timecourse/rnaseq1/fastq/JR2713_R1.fq.gz,/scratch/Shares/rinn/Michael/firre_timecourse/rnaseq1/fastq/JR2713_R2.fq.gz,unstranded
ESC_WT_firre_induced_0min_dox_long_rep3,/scratch/Shares/rinn/Michael/firre_timecourse/rnaseq1/fastq/JR2714_R1.fq.gz,/scratch/Shares/rinn/Michael/firre_timecourse/rnaseq1/fastq/JR2714_R2.fq.gz,unstranded
ESC_WT_control_5760min_dox_long_rep1,/scratch/Shares/rinn/Michael/firre_timecourse/rnaseq1/fastq/JR2715_R1.fq.gz,/scratch/Shares/rinn/Michael/firre_timecourse/rnaseq1/fastq/JR2715_R2.fq.gz,unstranded
ESC_WT_control_5760min_dox_long_rep3,/scratch/Shares/rinn/Michael/firre_timecourse/rnaseq1/fastq/JR2716_R1.fq.gz,/scratch/Shares/rinn/Michael/firre_timecourse/rnaseq1/fastq/JR2716_R2.fq.gz,unstranded
ESC_WT_firre_induced_0min_dox_long_rep2,/scratch/Shares/rinn/Michael/firre_timecourse/rnaseq1/fastq/JR2717_R1.fq.gz,/scratch/Shares/rinn/Michael/firre_timecourse/rnaseq1/fastq/JR2717_R2.fq.gz,unstranded
ESC_KO_firre_induced_5760min_dox_long_rep2,/scratch/Shares/rinn/Michael/firre_timecourse/rnaseq1/fastq/JR2718_R1.fq.gz,/scratch/Shares/rinn/Michael/firre_timecourse/rnaseq1/fastq/JR2718_R2.fq.gz,unstranded
ESC_KO_control_5760min_dox_long_rep3,/scratch/Shares/rinn/Michael/firre_timecourse/rnaseq1/fastq/JR2719_R1.fq.gz,/scratch/Shares/rinn/Michael/firre_timecourse/rnaseq1/fastq/JR2719_R2.fq.gz,unstranded
ESC_KO_control_0min_dox_long_rep3,/scratch/Shares/rinn/Michael/firre_timecourse/rnaseq1/fastq/JR2720_R1.fq.gz,/scratch/Shares/rinn/Michael/firre_timecourse/rnaseq1/fastq/JR2720_R2.fq.gz,unstranded
ESC_KO_control_5760min_dox_long_rep1,/scratch/Shares/rinn/Michael/firre_timecourse/rnaseq1/fastq/JR2721_R1.fq.gz,/scratch/Shares/rinn/Michael/firre_timecourse/rnaseq1/fastq/JR2721_R2.fq.gz,unstranded
ESC_KO_control_0min_dox_long_rep2,/scratch/Shares/rinn/Michael/firre_timecourse/rnaseq1/fastq/JR2722_R1.fq.gz,/scratch/Shares/rinn/Michael/firre_timecourse/rnaseq1/fastq/JR2722_R2.fq.gz,unstranded
ESC_KO_firre_induced_0min_dox_long_rep3,/scratch/Shares/rinn/Michael/firre_timecourse/rnaseq1/fastq/JR2723_R1.fq.gz,/scratch/Shares/rinn/Michael/firre_timecourse/rnaseq1/fastq/JR2723_R2.fq.gz,unstranded
ESC_KO_firre_induced_0min_dox_long_rep2,/scratch/Shares/rinn/Michael/firre_timecourse/rnaseq1/fastq/JR2724_R1.fq.gz,/scratch/Shares/rinn/Michael/firre_timecourse/rnaseq1/fastq/JR2724_R2.fq.gz,unstranded
ESC_KO_firre_induced_5760min_dox_long_rep1,/scratch/Shares/rinn/Michael/firre_timecourse/rnaseq1/fastq/JR2725_R1.fq.gz,/scratch/Shares/rinn/Michael/firre_timecourse/rnaseq1/fastq/JR2725_R2.fq.gz,unstranded
ESC_KO_firre_induced_0min_dox_long_rep1,/scratch/Shares/rinn/Michael/firre_timecourse/rnaseq1/fastq/JR2726_R1.fq.gz,/scratch/Shares/rinn/Michael/firre_timecourse/rnaseq1/fastq/JR2726_R2.fq.gz,unstranded
ESC_KO_control_0min_dox_long_rep1,/scratch/Shares/rinn/Michael/firre_timecourse/rnaseq1/fastq/JR2727_R1.fq.gz,/scratch/Shares/rinn/Michael/firre_timecourse/rnaseq1/fastq/JR2727_R2.fq.gz,unstranded
ESC_KO_control_5760min_dox_long_rep2,/scratch/Shares/rinn/Michael/firre_timecourse/rnaseq1/fastq/JR2728_R1.fq.gz,/scratch/Shares/rinn/Michael/firre_timecourse/rnaseq1/fastq/JR2728_R2.fq.gz,unstranded
ESC_KO_firre_induced_5760min_dox_long_rep3,/scratch/Shares/rinn/Michael/firre_timecourse/rnaseq1/fastq/JR2729_R1.fq.gz,/scratch/Shares/rinn/Michael/firre_timecourse/rnaseq1/fastq/JR2729_R2.fq.gz,unstranded
ESC_WT_control_1440min_dox_long_rep3,/scratch/Shares/rinn/Michael/firre_timecourse/rnaseq1/fastq/JR2730_R1.fq.gz,/scratch/Shares/rinn/Michael/firre_timecourse/rnaseq1/fastq/JR2730_R2.fq.gz,unstranded
ESC_WT_control_2880min_dox_long_rep1,/scratch/Shares/rinn/Michael/firre_timecourse/rnaseq1/fastq/JR2731_R1.fq.gz,/scratch/Shares/rinn/Michael/firre_timecourse/rnaseq1/fastq/JR2731_R2.fq.gz,unstranded
ESC_WT_control_1440min_dox_long_rep2,/scratch/Shares/rinn/Michael/firre_timecourse/rnaseq1/fastq/JR2732_R1.fq.gz,/scratch/Shares/rinn/Michael/firre_timecourse/rnaseq1/fastq/JR2732_R2.fq.gz,unstranded
ESC_WT_firre_induced_2880min_dox_long_rep1,/scratch/Shares/rinn/Michael/firre_timecourse/rnaseq1/fastq/JR2733_R1.fq.gz,/scratch/Shares/rinn/Michael/firre_timecourse/rnaseq1/fastq/JR2733_R2.fq.gz,unstranded
ESC_WT_firre_induced_2880min_dox_long_rep3,/scratch/Shares/rinn/Michael/firre_timecourse/rnaseq1/fastq/JR2734_R1.fq.gz,/scratch/Shares/rinn/Michael/firre_timecourse/rnaseq1/fastq/JR2734_R2.fq.gz,unstranded
ESC_WT_firre_induced_1440min_dox_long_rep1,/scratch/Shares/rinn/Michael/firre_timecourse/rnaseq1/fastq/JR2735_R1.fq.gz,/scratch/Shares/rinn/Michael/firre_timecourse/rnaseq1/fastq/JR2735_R2.fq.gz,unstranded
ESC_WT_firre_induced_1440min_dox_long_rep2,/scratch/Shares/rinn/Michael/firre_timecourse/rnaseq1/fastq/JR2736_R1.fq.gz,/scratch/Shares/rinn/Michael/firre_timecourse/rnaseq1/fastq/JR2736_R2.fq.gz,unstranded
ESC_WT_control_2880min_dox_long_rep3,/scratch/Shares/rinn/Michael/firre_timecourse/rnaseq1/fastq/JR2737_R1.fq.gz,/scratch/Shares/rinn/Michael/firre_timecourse/rnaseq1/fastq/JR2737_R2.fq.gz,unstranded
ESC_WT_control_2880min_dox_long_rep2,/scratch/Shares/rinn/Michael/firre_timecourse/rnaseq1/fastq/JR2738_R1.fq.gz,/scratch/Shares/rinn/Michael/firre_timecourse/rnaseq1/fastq/JR2738_R2.fq.gz,unstranded
ESC_WT_firre_induced_2880min_dox_long_rep2,/scratch/Shares/rinn/Michael/firre_timecourse/rnaseq1/fastq/JR2739_R1.fq.gz,/scratch/Shares/rinn/Michael/firre_timecourse/rnaseq1/fastq/JR2739_R2.fq.gz,unstranded
ESC_WT_firre_induced_1440min_dox_long_rep3,/scratch/Shares/rinn/Michael/firre_timecourse/rnaseq1/fastq/JR2740_R1.fq.gz,/scratch/Shares/rinn/Michael/firre_timecourse/rnaseq1/fastq/JR2740_R2.fq.gz,unstranded
ESC_WT_control_1440min_dox_long_rep1,/scratch/Shares/rinn/Michael/firre_timecourse/rnaseq1/fastq/JR2741_R1.fq.gz,/scratch/Shares/rinn/Michael/firre_timecourse/rnaseq1/fastq/JR2741_R2.fq.gz,unstranded
ESC_KO_firre_induced_1440min_dox_long_rep3,/scratch/Shares/rinn/Michael/firre_timecourse/rnaseq1/fastq/JR2742_R1.fq.gz,/scratch/Shares/rinn/Michael/firre_timecourse/rnaseq1/fastq/JR2742_R2.fq.gz,unstranded
ESC_KO_firre_induced_2880min_dox_long_rep2,/scratch/Shares/rinn/Michael/firre_timecourse/rnaseq1/fastq/JR2743_R1.fq.gz,/scratch/Shares/rinn/Michael/firre_timecourse/rnaseq1/fastq/JR2743_R2.fq.gz,unstranded
ESC_KO_firre_induced_2880min_dox_long_rep3,/scratch/Shares/rinn/Michael/firre_timecourse/rnaseq1/fastq/JR2744_R1.fq.gz,/scratch/Shares/rinn/Michael/firre_timecourse/rnaseq1/fastq/JR2744_R2.fq.gz,unstranded
ESC_KO_control_1440min_dox_long_rep3,/scratch/Shares/rinn/Michael/firre_timecourse/rnaseq1/fastq/JR2745_R1.fq.gz,/scratch/Shares/rinn/Michael/firre_timecourse/rnaseq1/fastq/JR2745_R2.fq.gz,unstranded
ESC_KO_firre_induced_1440min_dox_long_rep1,/scratch/Shares/rinn/Michael/firre_timecourse/rnaseq1/fastq/JR2746_R1.fq.gz,/scratch/Shares/rinn/Michael/firre_timecourse/rnaseq1/fastq/JR2746_R2.fq.gz,unstranded
ESC_KO_firre_induced_2880min_dox_long_rep1,/scratch/Shares/rinn/Michael/firre_timecourse/rnaseq1/fastq/JR2747_R1.fq.gz,/scratch/Shares/rinn/Michael/firre_timecourse/rnaseq1/fastq/JR2747_R2.fq.gz,unstranded
ESC_KO_firre_induced_1440min_dox_long_rep2,/scratch/Shares/rinn/Michael/firre_timecourse/rnaseq1/fastq/JR2748_R1.fq.gz,/scratch/Shares/rinn/Michael/firre_timecourse/rnaseq1/fastq/JR2748_R2.fq.gz,unstranded
ESC_KO_control_1440min_dox_long_rep1,/scratch/Shares/rinn/Michael/firre_timecourse/rnaseq1/fastq/JR2749_R1.fq.gz,/scratch/Shares/rinn/Michael/firre_timecourse/rnaseq1/fastq/JR2749_R2.fq.gz,unstranded
ESC_KO_control_2880min_dox_long_rep1,/scratch/Shares/rinn/Michael/firre_timecourse/rnaseq1/fastq/JR2750_R1.fq.gz,/scratch/Shares/rinn/Michael/firre_timecourse/rnaseq1/fastq/JR2750_R2.fq.gz,unstranded
ESC_KO_control_1440min_dox_long_rep2,/scratch/Shares/rinn/Michael/firre_timecourse/rnaseq1/fastq/JR2751_R1.fq.gz,/scratch/Shares/rinn/Michael/firre_timecourse/rnaseq1/fastq/JR2751_R2.fq.gz,unstranded
ESC_KO_control_2880min_dox_long_rep2,/scratch/Shares/rinn/Michael/firre_timecourse/rnaseq1/fastq/JR2752_R1.fq.gz,/scratch/Shares/rinn/Michael/firre_timecourse/rnaseq1/fastq/JR2752_R2.fq.gz,unstranded
ESC_KO_control_2880min_dox_long_rep3,/scratch/Shares/rinn/Michael/firre_timecourse/rnaseq1/fastq/JR2753_R1.fq.gz,/scratch/Shares/rinn/Michael/firre_timecourse/rnaseq1/fastq/JR2753_R2.fq.gz,unstranded
ESC_KO_firre_induced_720min_dox_long_rep2,/scratch/Shares/rinn/Michael/firre_timecourse/rnaseq1/fastq/JR2754_R1.fq.gz,/scratch/Shares/rinn/Michael/firre_timecourse/rnaseq1/fastq/JR2754_R2.fq.gz,unstranded
ESC_WT_firre_induced_720min_dox_long_rep1,/scratch/Shares/rinn/Michael/firre_timecourse/rnaseq1/fastq/JR2755_R1.fq.gz,/scratch/Shares/rinn/Michael/firre_timecourse/rnaseq1/fastq/JR2755_R2.fq.gz,unstranded
ESC_KO_control_720min_dox_long_rep1,/scratch/Shares/rinn/Michael/firre_timecourse/rnaseq1/fastq/JR2756_R1.fq.gz,/scratch/Shares/rinn/Michael/firre_timecourse/rnaseq1/fastq/JR2756_R2.fq.gz,unstranded
ESC_KO_firre_induced_720min_dox_long_rep3,/scratch/Shares/rinn/Michael/firre_timecourse/rnaseq1/fastq/JR2757_R1.fq.gz,/scratch/Shares/rinn/Michael/firre_timecourse/rnaseq1/fastq/JR2757_R2.fq.gz,unstranded
ESC_WT_control_720min_dox_long_rep3,/scratch/Shares/rinn/Michael/firre_timecourse/rnaseq1/fastq/JR2758_R1.fq.gz,/scratch/Shares/rinn/Michael/firre_timecourse/rnaseq1/fastq/JR2758_R2.fq.gz,unstranded
ESC_WT_firre_induced_720min_dox_long_rep3,/scratch/Shares/rinn/Michael/firre_timecourse/rnaseq1/fastq/JR2759_R1.fq.gz,/scratch/Shares/rinn/Michael/firre_timecourse/rnaseq1/fastq/JR2759_R2.fq.gz,unstranded
ESC_WT_firre_induced_720min_dox_long_rep2,/scratch/Shares/rinn/Michael/firre_timecourse/rnaseq1/fastq/JR2760_R1.fq.gz,/scratch/Shares/rinn/Michael/firre_timecourse/rnaseq1/fastq/JR2760_R2.fq.gz,unstranded
ESC_KO_firre_induced_720min_dox_long_rep1,/scratch/Shares/rinn/Michael/firre_timecourse/rnaseq1/fastq/JR2761_R1.fq.gz,/scratch/Shares/rinn/Michael/firre_timecourse/rnaseq1/fastq/JR2761_R2.fq.gz,unstranded
ESC_WT_control_720min_dox_long_rep1,/scratch/Shares/rinn/Michael/firre_timecourse/rnaseq1/fastq/JR2762_R1.fq.gz,/scratch/Shares/rinn/Michael/firre_timecourse/rnaseq1/fastq/JR2762_R2.fq.gz,unstranded
ESC_KO_control_720min_dox_long_rep2,/scratch/Shares/rinn/Michael/firre_timecourse/rnaseq1/fastq/JR2763_R1.fq.gz,/scratch/Shares/rinn/Michael/firre_timecourse/rnaseq1/fastq/JR2763_R2.fq.gz,unstranded
ESC_KO_control_720min_dox_long_rep3,/scratch/Shares/rinn/Michael/firre_timecourse/rnaseq1/fastq/JR2764_R1.fq.gz,/scratch/Shares/rinn/Michael/firre_timecourse/rnaseq1/fastq/JR2764_R2.fq.gz,unstranded
ESC_WT_control_720min_dox_long_rep2,/scratch/Shares/rinn/Michael/firre_timecourse/rnaseq1/fastq/JR2765_R1.fq.gz,/scratch/Shares/rinn/Michael/firre_timecourse/rnaseq1/fastq/JR2765_R2.fq.gz,unstranded
NPC_WT_control_0min_dox_short_rep1,/scratch/Shares/rinn/Michael/firre_timecourse/rnaseq1/fastq/JR2878_R1.fq.gz,/scratch/Shares/rinn/Michael/firre_timecourse/rnaseq1/fastq/JR2878_R2.fq.gz,unstranded
NPC_WT_control_0min_dox_short_rep2,/scratch/Shares/rinn/Michael/firre_timecourse/rnaseq1/fastq/JR2879_R1.fq.gz,/scratch/Shares/rinn/Michael/firre_timecourse/rnaseq1/fastq/JR2879_R2.fq.gz,unstranded
NPC_WT_control_90min_dox_short_rep2,/scratch/Shares/rinn/Michael/firre_timecourse/rnaseq1/fastq/JR2880_R1.fq.gz,/scratch/Shares/rinn/Michael/firre_timecourse/rnaseq1/fastq/JR2880_R2.fq.gz,unstranded
NPC_WT_control_180min_dox_short_rep2,/scratch/Shares/rinn/Michael/firre_timecourse/rnaseq1/fastq/JR2881_R1.fq.gz,/scratch/Shares/rinn/Michael/firre_timecourse/rnaseq1/fastq/JR2881_R2.fq.gz,unstranded
NPC_WT_control_360min_dox_short_rep2,/scratch/Shares/rinn/Michael/firre_timecourse/rnaseq1/fastq/JR2882_R1.fq.gz,/scratch/Shares/rinn/Michael/firre_timecourse/rnaseq1/fastq/JR2882_R2.fq.gz,unstranded
NPC_WT_control_30min_dox_short_rep1,/scratch/Shares/rinn/Michael/firre_timecourse/rnaseq1/fastq/JR2883_R1.fq.gz,/scratch/Shares/rinn/Michael/firre_timecourse/rnaseq1/fastq/JR2883_R2.fq.gz,unstranded
NPC_WT_control_360min_dox_short_rep1,/scratch/Shares/rinn/Michael/firre_timecourse/rnaseq1/fastq/JR2884_R1.fq.gz,/scratch/Shares/rinn/Michael/firre_timecourse/rnaseq1/fastq/JR2884_R2.fq.gz,unstranded
NPC_WT_control_30min_dox_short_rep2,/scratch/Shares/rinn/Michael/firre_timecourse/rnaseq1/fastq/JR2885_R1.fq.gz,/scratch/Shares/rinn/Michael/firre_timecourse/rnaseq1/fastq/JR2885_R2.fq.gz,unstranded
NPC_WT_control_180min_dox_short_rep1,/scratch/Shares/rinn/Michael/firre_timecourse/rnaseq1/fastq/JR2886_R1.fq.gz,/scratch/Shares/rinn/Michael/firre_timecourse/rnaseq1/fastq/JR2886_R2.fq.gz,unstranded
NPC_WT_control_270min_dox_short_rep2,/scratch/Shares/rinn/Michael/firre_timecourse/rnaseq1/fastq/JR2887_R1.fq.gz,/scratch/Shares/rinn/Michael/firre_timecourse/rnaseq1/fastq/JR2887_R2.fq.gz,unstranded
NPC_WT_control_270min_dox_short_rep1,/scratch/Shares/rinn/Michael/firre_timecourse/rnaseq1/fastq/JR2888_R1.fq.gz,/scratch/Shares/rinn/Michael/firre_timecourse/rnaseq1/fastq/JR2888_R2.fq.gz,unstranded
NPC_WT_control_90min_dox_short_rep1,/scratch/Shares/rinn/Michael/firre_timecourse/rnaseq1/fastq/JR2889_R1.fq.gz,/scratch/Shares/rinn/Michael/firre_timecourse/rnaseq1/fastq/JR2889_R2.fq.gz,unstranded
NPC_WT_firre_induced_360min_dox_short_rep2,/scratch/Shares/rinn/Michael/firre_timecourse/rnaseq1/fastq/JR2890_R1.fq.gz,/scratch/Shares/rinn/Michael/firre_timecourse/rnaseq1/fastq/JR2890_R2.fq.gz,unstranded
NPC_WT_firre_induced_30min_dox_short_rep2,/scratch/Shares/rinn/Michael/firre_timecourse/rnaseq1/fastq/JR2891_R1.fq.gz,/scratch/Shares/rinn/Michael/firre_timecourse/rnaseq1/fastq/JR2891_R2.fq.gz,unstranded
NPC_WT_firre_induced_90min_dox_short_rep1,/scratch/Shares/rinn/Michael/firre_timecourse/rnaseq1/fastq/JR2892_R1.fq.gz,/scratch/Shares/rinn/Michael/firre_timecourse/rnaseq1/fastq/JR2892_R2.fq.gz,unstranded
NPC_WT_firre_induced_360min_dox_short_rep1,/scratch/Shares/rinn/Michael/firre_timecourse/rnaseq1/fastq/JR2893_R1.fq.gz,/scratch/Shares/rinn/Michael/firre_timecourse/rnaseq1/fastq/JR2893_R2.fq.gz,unstranded
NPC_WT_firre_induced_180min_dox_short_rep2,/scratch/Shares/rinn/Michael/firre_timecourse/rnaseq1/fastq/JR2894_R1.fq.gz,/scratch/Shares/rinn/Michael/firre_timecourse/rnaseq1/fastq/JR2894_R2.fq.gz,unstranded
NPC_WT_firre_induced_270min_dox_short_rep1,/scratch/Shares/rinn/Michael/firre_timecourse/rnaseq1/fastq/JR2895_R1.fq.gz,/scratch/Shares/rinn/Michael/firre_timecourse/rnaseq1/fastq/JR2895_R2.fq.gz,unstranded
NPC_WT_firre_induced_30min_dox_short_rep1,/scratch/Shares/rinn/Michael/firre_timecourse/rnaseq1/fastq/JR2896_R1.fq.gz,/scratch/Shares/rinn/Michael/firre_timecourse/rnaseq1/fastq/JR2896_R2.fq.gz,unstranded
NPC_WT_firre_induced_180min_dox_short_rep1,/scratch/Shares/rinn/Michael/firre_timecourse/rnaseq1/fastq/JR2897_R1.fq.gz,/scratch/Shares/rinn/Michael/firre_timecourse/rnaseq1/fastq/JR2897_R2.fq.gz,unstranded
NPC_WT_firre_induced_90min_dox_short_rep2,/scratch/Shares/rinn/Michael/firre_timecourse/rnaseq1/fastq/JR2898_R1.fq.gz,/scratch/Shares/rinn/Michael/firre_timecourse/rnaseq1/fastq/JR2898_R2.fq.gz,unstranded
NPC_WT_firre_induced_270min_dox_short_rep2,/scratch/Shares/rinn/Michael/firre_timecourse/rnaseq1/fastq/JR2899_R1.fq.gz,/scratch/Shares/rinn/Michael/firre_timecourse/rnaseq1/fastq/JR2899_R2.fq.gz,unstranded
NPC_WT_firre_induced_0min_dox_short_rep2,/scratch/Shares/rinn/Michael/firre_timecourse/rnaseq1/fastq/JR2900_R1.fq.gz,/scratch/Shares/rinn/Michael/firre_timecourse/rnaseq1/fastq/JR2900_R2.fq.gz,unstranded
NPC_WT_firre_induced_0min_dox_short_rep1,/scratch/Shares/rinn/Michael/firre_timecourse/rnaseq1/fastq/JR2901_R1.fq.gz,/scratch/Shares/rinn/Michael/firre_timecourse/rnaseq1/fastq/JR2901_R2.fq.gz,unstranded
NPC_KO_control_0min_dox_short_rep1,/scratch/Shares/rinn/Michael/firre_timecourse/rnaseq1/fastq/JR2902_R1.fq.gz,/scratch/Shares/rinn/Michael/firre_timecourse/rnaseq1/fastq/JR2902_R2.fq.gz,unstranded
NPC_KO_control_0min_dox_short_rep2,/scratch/Shares/rinn/Michael/firre_timecourse/rnaseq1/fastq/JR2903_R1.fq.gz,/scratch/Shares/rinn/Michael/firre_timecourse/rnaseq1/fastq/JR2903_R2.fq.gz,unstranded
NPC_KO_control_360min_dox_short_rep1,/scratch/Shares/rinn/Michael/firre_timecourse/rnaseq1/fastq/JR2904_R1.fq.gz,/scratch/Shares/rinn/Michael/firre_timecourse/rnaseq1/fastq/JR2904_R2.fq.gz,unstranded
NPC_KO_control_270min_dox_short_rep2,/scratch/Shares/rinn/Michael/firre_timecourse/rnaseq1/fastq/JR2905_R1.fq.gz,/scratch/Shares/rinn/Michael/firre_timecourse/rnaseq1/fastq/JR2905_R2.fq.gz,unstranded
NPC_KO_control_270min_dox_short_rep1,/scratch/Shares/rinn/Michael/firre_timecourse/rnaseq1/fastq/JR2906_R1.fq.gz,/scratch/Shares/rinn/Michael/firre_timecourse/rnaseq1/fastq/JR2906_R2.fq.gz,unstranded
NPC_KO_control_30min_dox_short_rep1,/scratch/Shares/rinn/Michael/firre_timecourse/rnaseq1/fastq/JR2907_R1.fq.gz,/scratch/Shares/rinn/Michael/firre_timecourse/rnaseq1/fastq/JR2907_R2.fq.gz,unstranded
NPC_KO_control_360min_dox_short_rep2,/scratch/Shares/rinn/Michael/firre_timecourse/rnaseq1/fastq/JR2908_R1.fq.gz,/scratch/Shares/rinn/Michael/firre_timecourse/rnaseq1/fastq/JR2908_R2.fq.gz,unstranded
NPC_KO_control_180min_dox_short_rep1,/scratch/Shares/rinn/Michael/firre_timecourse/rnaseq1/fastq/JR2909_R1.fq.gz,/scratch/Shares/rinn/Michael/firre_timecourse/rnaseq1/fastq/JR2909_R2.fq.gz,unstranded
NPC_KO_control_90min_dox_short_rep1,/scratch/Shares/rinn/Michael/firre_timecourse/rnaseq1/fastq/JR2910_R1.fq.gz,/scratch/Shares/rinn/Michael/firre_timecourse/rnaseq1/fastq/JR2910_R2.fq.gz,unstranded
NPC_KO_control_180min_dox_short_rep2,/scratch/Shares/rinn/Michael/firre_timecourse/rnaseq1/fastq/JR2911_R1.fq.gz,/scratch/Shares/rinn/Michael/firre_timecourse/rnaseq1/fastq/JR2911_R2.fq.gz,unstranded
NPC_KO_control_30min_dox_short_rep2,/scratch/Shares/rinn/Michael/firre_timecourse/rnaseq1/fastq/JR2912_R1.fq.gz,/scratch/Shares/rinn/Michael/firre_timecourse/rnaseq1/fastq/JR2912_R2.fq.gz,unstranded
NPC_KO_control_90min_dox_short_rep2,/scratch/Shares/rinn/Michael/firre_timecourse/rnaseq1/fastq/JR2913_R1.fq.gz,/scratch/Shares/rinn/Michael/firre_timecourse/rnaseq1/fastq/JR2913_R2.fq.gz,unstranded
NPC_KO_firre_induced_0min_dox_short_rep2,/scratch/Shares/rinn/Michael/firre_timecourse/rnaseq1/fastq/JR2914_R1.fq.gz,/scratch/Shares/rinn/Michael/firre_timecourse/rnaseq1/fastq/JR2914_R2.fq.gz,unstranded
NPC_KO_firre_induced_360min_dox_short_rep2,/scratch/Shares/rinn/Michael/firre_timecourse/rnaseq1/fastq/JR2915_R1.fq.gz,/scratch/Shares/rinn/Michael/firre_timecourse/rnaseq1/fastq/JR2915_R2.fq.gz,unstranded
NPC_KO_firre_induced_360min_dox_short_rep1,/scratch/Shares/rinn/Michael/firre_timecourse/rnaseq1/fastq/JR2916_R1.fq.gz,/scratch/Shares/rinn/Michael/firre_timecourse/rnaseq1/fastq/JR2916_R2.fq.gz,unstranded
NPC_KO_firre_induced_90min_dox_short_rep1,/scratch/Shares/rinn/Michael/firre_timecourse/rnaseq1/fastq/JR2917_R1.fq.gz,/scratch/Shares/rinn/Michael/firre_timecourse/rnaseq1/fastq/JR2917_R2.fq.gz,unstranded
NPC_KO_firre_induced_270min_dox_short_rep2,/scratch/Shares/rinn/Michael/firre_timecourse/rnaseq1/fastq/JR2918_R1.fq.gz,/scratch/Shares/rinn/Michael/firre_timecourse/rnaseq1/fastq/JR2918_R2.fq.gz,unstranded
NPC_KO_firre_induced_30min_dox_short_rep1,/scratch/Shares/rinn/Michael/firre_timecourse/rnaseq1/fastq/JR2919_R1.fq.gz,/scratch/Shares/rinn/Michael/firre_timecourse/rnaseq1/fastq/JR2919_R2.fq.gz,unstranded
NPC_KO_firre_induced_90min_dox_short_rep2,/scratch/Shares/rinn/Michael/firre_timecourse/rnaseq1/fastq/JR2920_R1.fq.gz,/scratch/Shares/rinn/Michael/firre_timecourse/rnaseq1/fastq/JR2920_R2.fq.gz,unstranded
NPC_KO_firre_induced_180min_dox_short_rep2,/scratch/Shares/rinn/Michael/firre_timecourse/rnaseq1/fastq/JR2921_R1.fq.gz,/scratch/Shares/rinn/Michael/firre_timecourse/rnaseq1/fastq/JR2921_R2.fq.gz,unstranded
NPC_KO_firre_induced_0min_dox_short_rep1,/scratch/Shares/rinn/Michael/firre_timecourse/rnaseq1/fastq/JR2922_R1.fq.gz,/scratch/Shares/rinn/Michael/firre_timecourse/rnaseq1/fastq/JR2922_R2.fq.gz,unstranded
NPC_KO_firre_induced_30min_dox_short_rep2,/scratch/Shares/rinn/Michael/firre_timecourse/rnaseq1/fastq/JR2923_R1.fq.gz,/scratch/Shares/rinn/Michael/firre_timecourse/rnaseq1/fastq/JR2923_R2.fq.gz,unstranded
NPC_KO_firre_induced_180min_dox_short_rep1,/scratch/Shares/rinn/Michael/firre_timecourse/rnaseq1/fastq/JR2924_R1.fq.gz,/scratch/Shares/rinn/Michael/firre_timecourse/rnaseq1/fastq/JR2924_R2.fq.gz,unstranded
NPC_KO_firre_induced_270min_dox_short_rep1,/scratch/Shares/rinn/Michael/firre_timecourse/rnaseq1/fastq/JR2925_R1.fq.gz,/scratch/Shares/rinn/Michael/firre_timecourse/rnaseq1/fastq/JR2925_R2.fq.gz,unstranded
