/scratch/Shares/rinn/Michael/firre_timecourse/input/fastq/JR2102_L001_R1.fastq.gz,/scratch/Shares/rinn/Michael/firre_timecourse1/fastq/JR2102_read1.fastq.gz
/scratch/Shares/rinn/Michael/firre_timecourse/input/fastq/JR2102_L001_R2.fastq.gz,/scratch/Shares/rinn/Michael/firre_timecourse1/fastq/JR2102_read2.fastq.gz
/scratch/Shares/rinn/Michael/firre_timecourse/input/fastq/JR2103_L001_R1.fastq.gz,/scratch/Shares/rinn/Michael/firre_timecourse1/fastq/JR2103_read1.fastq.gz
/scratch/Shares/rinn/Michael/firre_timecourse/input/fastq/JR2103_L001_R2.fastq.gz,/scratch/Shares/rinn/Michael/firre_timecourse1/fastq/JR2103_read2.fastq.gz
/scratch/Shares/rinn/Michael/firre_timecourse/input/fastq/JR2104_L001_R1.fastq.gz,/scratch/Shares/rinn/Michael/firre_timecourse1/fastq/JR2104_read1.fastq.gz
/scratch/Shares/rinn/Michael/firre_timecourse/input/fastq/JR2104_L001_R2.fastq.gz,/scratch/Shares/rinn/Michael/firre_timecourse1/fastq/JR2104_read2.fastq.gz
/scratch/Shares/rinn/Michael/firre_timecourse/input/fastq/JR2105_L001_R1.fastq.gz,/scratch/Shares/rinn/Michael/firre_timecourse1/fastq/JR2105_read1.fastq.gz
/scratch/Shares/rinn/Michael/firre_timecourse/input/fastq/JR2105_L001_R2.fastq.gz,/scratch/Shares/rinn/Michael/firre_timecourse1/fastq/JR2105_read2.fastq.gz
/scratch/Shares/rinn/Michael/firre_timecourse/input/fastq/JR2106_L001_R1.fastq.gz,/scratch/Shares/rinn/Michael/firre_timecourse1/fastq/JR2106_read1.fastq.gz
/scratch/Shares/rinn/Michael/firre_timecourse/input/fastq/JR2106_L001_R2.fastq.gz,/scratch/Shares/rinn/Michael/firre_timecourse1/fastq/JR2106_read2.fastq.gz
/scratch/Shares/rinn/Michael/firre_timecourse/input/fastq/JR2107_L001_R1.fastq.gz,/scratch/Shares/rinn/Michael/firre_timecourse1/fastq/JR2107_read1.fastq.gz
/scratch/Shares/rinn/Michael/firre_timecourse/input/fastq/JR2107_L001_R2.fastq.gz,/scratch/Shares/rinn/Michael/firre_timecourse1/fastq/JR2107_read2.fastq.gz
/scratch/Shares/rinn/Michael/firre_timecourse/input/fastq/JR2108_L001_R1.fastq.gz,/scratch/Shares/rinn/Michael/firre_timecourse1/fastq/JR2108_read1.fastq.gz
/scratch/Shares/rinn/Michael/firre_timecourse/input/fastq/JR2108_L001_R2.fastq.gz,/scratch/Shares/rinn/Michael/firre_timecourse1/fastq/JR2108_read2.fastq.gz
/scratch/Shares/rinn/Michael/firre_timecourse/input/fastq/JR2109_L001_R1.fastq.gz,/scratch/Shares/rinn/Michael/firre_timecourse1/fastq/JR2109_read1.fastq.gz
/scratch/Shares/rinn/Michael/firre_timecourse/input/fastq/JR2109_L001_R2.fastq.gz,/scratch/Shares/rinn/Michael/firre_timecourse1/fastq/JR2109_read2.fastq.gz
/scratch/Shares/rinn/Michael/firre_timecourse/input/fastq/JR2110_L001_R1.fastq.gz,/scratch/Shares/rinn/Michael/firre_timecourse1/fastq/JR2110_read1.fastq.gz
/scratch/Shares/rinn/Michael/firre_timecourse/input/fastq/JR2110_L001_R2.fastq.gz,/scratch/Shares/rinn/Michael/firre_timecourse1/fastq/JR2110_read2.fastq.gz
/scratch/Shares/rinn/Michael/firre_timecourse/input/fastq/JR2111_L001_R1.fastq.gz,/scratch/Shares/rinn/Michael/firre_timecourse1/fastq/JR2111_read1.fastq.gz
/scratch/Shares/rinn/Michael/firre_timecourse/input/fastq/JR2111_L001_R2.fastq.gz,/scratch/Shares/rinn/Michael/firre_timecourse1/fastq/JR2111_read2.fastq.gz
/scratch/Shares/rinn/Michael/firre_timecourse/input/fastq/JR2112_L001_R1.fastq.gz,/scratch/Shares/rinn/Michael/firre_timecourse1/fastq/JR2112_read1.fastq.gz
/scratch/Shares/rinn/Michael/firre_timecourse/input/fastq/JR2112_L001_R2.fastq.gz,/scratch/Shares/rinn/Michael/firre_timecourse1/fastq/JR2112_read2.fastq.gz
/scratch/Shares/rinn/Michael/firre_timecourse/input/fastq/JR2113_L001_R1.fastq.gz,/scratch/Shares/rinn/Michael/firre_timecourse1/fastq/JR2113_read1.fastq.gz
/scratch/Shares/rinn/Michael/firre_timecourse/input/fastq/JR2113_L001_R2.fastq.gz,/scratch/Shares/rinn/Michael/firre_timecourse1/fastq/JR2113_read2.fastq.gz
/scratch/Shares/rinn/Michael/firre_timecourse/input/fastq/JR2114_L001_R1.fastq.gz,/scratch/Shares/rinn/Michael/firre_timecourse1/fastq/JR2114_read1.fastq.gz
/scratch/Shares/rinn/Michael/firre_timecourse/input/fastq/JR2114_L001_R2.fastq.gz,/scratch/Shares/rinn/Michael/firre_timecourse1/fastq/JR2114_read2.fastq.gz
/scratch/Shares/rinn/Michael/firre_timecourse/input/fastq/JR2115_L001_R1.fastq.gz,/scratch/Shares/rinn/Michael/firre_timecourse1/fastq/JR2115_read1.fastq.gz
/scratch/Shares/rinn/Michael/firre_timecourse/input/fastq/JR2115_L001_R2.fastq.gz,/scratch/Shares/rinn/Michael/firre_timecourse1/fastq/JR2115_read2.fastq.gz
/scratch/Shares/rinn/Michael/firre_timecourse/input/fastq/JR2116_L001_R1.fastq.gz,/scratch/Shares/rinn/Michael/firre_timecourse1/fastq/JR2116_read1.fastq.gz
/scratch/Shares/rinn/Michael/firre_timecourse/input/fastq/JR2116_L001_R2.fastq.gz,/scratch/Shares/rinn/Michael/firre_timecourse1/fastq/JR2116_read2.fastq.gz
/scratch/Shares/rinn/Michael/firre_timecourse/input/fastq/JR2117_L001_R1.fastq.gz,/scratch/Shares/rinn/Michael/firre_timecourse1/fastq/JR2117_read1.fastq.gz
/scratch/Shares/rinn/Michael/firre_timecourse/input/fastq/JR2117_L001_R2.fastq.gz,/scratch/Shares/rinn/Michael/firre_timecourse1/fastq/JR2117_read2.fastq.gz
/scratch/Shares/rinn/Michael/firre_timecourse/input/fastq/JR2118_L001_R1.fastq.gz,/scratch/Shares/rinn/Michael/firre_timecourse1/fastq/JR2118_read1.fastq.gz
/scratch/Shares/rinn/Michael/firre_timecourse/input/fastq/JR2118_L001_R2.fastq.gz,/scratch/Shares/rinn/Michael/firre_timecourse1/fastq/JR2118_read2.fastq.gz
/scratch/Shares/rinn/Michael/firre_timecourse/input/fastq/JR2119_L001_R1.fastq.gz,/scratch/Shares/rinn/Michael/firre_timecourse1/fastq/JR2119_read1.fastq.gz
/scratch/Shares/rinn/Michael/firre_timecourse/input/fastq/JR2119_L001_R2.fastq.gz,/scratch/Shares/rinn/Michael/firre_timecourse1/fastq/JR2119_read2.fastq.gz
/scratch/Shares/rinn/Michael/firre_timecourse/input/fastq/JR2120_L001_R1.fastq.gz,/scratch/Shares/rinn/Michael/firre_timecourse1/fastq/JR2120_read1.fastq.gz
/scratch/Shares/rinn/Michael/firre_timecourse/input/fastq/JR2120_L001_R2.fastq.gz,/scratch/Shares/rinn/Michael/firre_timecourse1/fastq/JR2120_read2.fastq.gz
/scratch/Shares/rinn/Michael/firre_timecourse/input/fastq/JR2121_L001_R1.fastq.gz,/scratch/Shares/rinn/Michael/firre_timecourse1/fastq/JR2121_read1.fastq.gz
/scratch/Shares/rinn/Michael/firre_timecourse/input/fastq/JR2121_L001_R2.fastq.gz,/scratch/Shares/rinn/Michael/firre_timecourse1/fastq/JR2121_read2.fastq.gz
/scratch/Shares/rinn/Michael/firre_timecourse/input/fastq/JR2122_L001_R1.fastq.gz,/scratch/Shares/rinn/Michael/firre_timecourse1/fastq/JR2122_read1.fastq.gz
/scratch/Shares/rinn/Michael/firre_timecourse/input/fastq/JR2122_L001_R2.fastq.gz,/scratch/Shares/rinn/Michael/firre_timecourse1/fastq/JR2122_read2.fastq.gz
/scratch/Shares/rinn/Michael/firre_timecourse/input/fastq/JR2123_L001_R1.fastq.gz,/scratch/Shares/rinn/Michael/firre_timecourse1/fastq/JR2123_read1.fastq.gz
/scratch/Shares/rinn/Michael/firre_timecourse/input/fastq/JR2123_L001_R2.fastq.gz,/scratch/Shares/rinn/Michael/firre_timecourse1/fastq/JR2123_read2.fastq.gz
/scratch/Shares/rinn/Michael/firre_timecourse/input/fastq/JR2124_L001_R1.fastq.gz,/scratch/Shares/rinn/Michael/firre_timecourse1/fastq/JR2124_read1.fastq.gz
/scratch/Shares/rinn/Michael/firre_timecourse/input/fastq/JR2124_L001_R2.fastq.gz,/scratch/Shares/rinn/Michael/firre_timecourse1/fastq/JR2124_read2.fastq.gz
/scratch/Shares/rinn/Michael/firre_timecourse/input/fastq/JR2125_L001_R1.fastq.gz,/scratch/Shares/rinn/Michael/firre_timecourse1/fastq/JR2125_read1.fastq.gz
/scratch/Shares/rinn/Michael/firre_timecourse/input/fastq/JR2125_L001_R2.fastq.gz,/scratch/Shares/rinn/Michael/firre_timecourse1/fastq/JR2125_read2.fastq.gz
/scratch/Shares/rinn/Michael/firre_timecourse/input/fastq/JR2406_L001_R1.fastq.gz,/scratch/Shares/rinn/Michael/firre_timecourse1/fastq/JR2406_read1.fastq.gz
/scratch/Shares/rinn/Michael/firre_timecourse/input/fastq/JR2406_L001_R2.fastq.gz,/scratch/Shares/rinn/Michael/firre_timecourse1/fastq/JR2406_read2.fastq.gz
/scratch/Shares/rinn/Michael/firre_timecourse/input/fastq/JR2407_L001_R1.fastq.gz,/scratch/Shares/rinn/Michael/firre_timecourse1/fastq/JR2407_read1.fastq.gz
/scratch/Shares/rinn/Michael/firre_timecourse/input/fastq/JR2407_L001_R2.fastq.gz,/scratch/Shares/rinn/Michael/firre_timecourse1/fastq/JR2407_read2.fastq.gz
/scratch/Shares/rinn/Michael/firre_timecourse/input/fastq/JR2408_L001_R1.fastq.gz,/scratch/Shares/rinn/Michael/firre_timecourse1/fastq/JR2408_read1.fastq.gz
/scratch/Shares/rinn/Michael/firre_timecourse/input/fastq/JR2408_L001_R2.fastq.gz,/scratch/Shares/rinn/Michael/firre_timecourse1/fastq/JR2408_read2.fastq.gz
/scratch/Shares/rinn/Michael/firre_timecourse/input/fastq/JR2409_L001_R1.fastq.gz,/scratch/Shares/rinn/Michael/firre_timecourse1/fastq/JR2409_read1.fastq.gz
/scratch/Shares/rinn/Michael/firre_timecourse/input/fastq/JR2409_L001_R2.fastq.gz,/scratch/Shares/rinn/Michael/firre_timecourse1/fastq/JR2409_read2.fastq.gz
/scratch/Shares/rinn/Michael/firre_timecourse/input/fastq/JR2410_L001_R1.fastq.gz,/scratch/Shares/rinn/Michael/firre_timecourse1/fastq/JR2410_read1.fastq.gz
/scratch/Shares/rinn/Michael/firre_timecourse/input/fastq/JR2410_L001_R2.fastq.gz,/scratch/Shares/rinn/Michael/firre_timecourse1/fastq/JR2410_read2.fastq.gz
/scratch/Shares/rinn/Michael/firre_timecourse/input/fastq/JR2411_L001_R1.fastq.gz,/scratch/Shares/rinn/Michael/firre_timecourse1/fastq/JR2411_read1.fastq.gz
/scratch/Shares/rinn/Michael/firre_timecourse/input/fastq/JR2411_L001_R2.fastq.gz,/scratch/Shares/rinn/Michael/firre_timecourse1/fastq/JR2411_read2.fastq.gz
/scratch/Shares/rinn/Michael/firre_timecourse/input/fastq/JR2412_L001_R1.fastq.gz,/scratch/Shares/rinn/Michael/firre_timecourse1/fastq/JR2412_read1.fastq.gz
/scratch/Shares/rinn/Michael/firre_timecourse/input/fastq/JR2412_L001_R2.fastq.gz,/scratch/Shares/rinn/Michael/firre_timecourse1/fastq/JR2412_read2.fastq.gz
/scratch/Shares/rinn/Michael/firre_timecourse/input/fastq/JR2413_L001_R1.fastq.gz,/scratch/Shares/rinn/Michael/firre_timecourse1/fastq/JR2413_read1.fastq.gz
/scratch/Shares/rinn/Michael/firre_timecourse/input/fastq/JR2413_L001_R2.fastq.gz,/scratch/Shares/rinn/Michael/firre_timecourse1/fastq/JR2413_read2.fastq.gz
/scratch/Shares/rinn/Michael/firre_timecourse/input/fastq/JR2414_L001_R1.fastq.gz,/scratch/Shares/rinn/Michael/firre_timecourse1/fastq/JR2414_read1.fastq.gz
/scratch/Shares/rinn/Michael/firre_timecourse/input/fastq/JR2414_L001_R2.fastq.gz,/scratch/Shares/rinn/Michael/firre_timecourse1/fastq/JR2414_read2.fastq.gz
/scratch/Shares/rinn/Michael/firre_timecourse/input/fastq/JR2415_L001_R1.fastq.gz,/scratch/Shares/rinn/Michael/firre_timecourse1/fastq/JR2415_read1.fastq.gz
/scratch/Shares/rinn/Michael/firre_timecourse/input/fastq/JR2415_L001_R2.fastq.gz,/scratch/Shares/rinn/Michael/firre_timecourse1/fastq/JR2415_read2.fastq.gz
/scratch/Shares/rinn/Michael/firre_timecourse/input/fastq/JR2416_L001_R1.fastq.gz,/scratch/Shares/rinn/Michael/firre_timecourse1/fastq/JR2416_read1.fastq.gz
/scratch/Shares/rinn/Michael/firre_timecourse/input/fastq/JR2416_L001_R2.fastq.gz,/scratch/Shares/rinn/Michael/firre_timecourse1/fastq/JR2416_read2.fastq.gz
/scratch/Shares/rinn/Michael/firre_timecourse/input/fastq/JR2417_L001_R1.fastq.gz,/scratch/Shares/rinn/Michael/firre_timecourse1/fastq/JR2417_read1.fastq.gz
/scratch/Shares/rinn/Michael/firre_timecourse/input/fastq/JR2417_L001_R2.fastq.gz,/scratch/Shares/rinn/Michael/firre_timecourse1/fastq/JR2417_read2.fastq.gz
/scratch/Shares/rinn/Michael/firre_timecourse/input/fastq/JR2418_L001_R1.fastq.gz,/scratch/Shares/rinn/Michael/firre_timecourse1/fastq/JR2418_read1.fastq.gz
/scratch/Shares/rinn/Michael/firre_timecourse/input/fastq/JR2418_L001_R2.fastq.gz,/scratch/Shares/rinn/Michael/firre_timecourse1/fastq/JR2418_read2.fastq.gz
/scratch/Shares/rinn/Michael/firre_timecourse/input/fastq/JR2419_L001_R1.fastq.gz,/scratch/Shares/rinn/Michael/firre_timecourse1/fastq/JR2419_read1.fastq.gz
/scratch/Shares/rinn/Michael/firre_timecourse/input/fastq/JR2419_L001_R2.fastq.gz,/scratch/Shares/rinn/Michael/firre_timecourse1/fastq/JR2419_read2.fastq.gz
/scratch/Shares/rinn/Michael/firre_timecourse/input/fastq/JR2420_L001_R1.fastq.gz,/scratch/Shares/rinn/Michael/firre_timecourse1/fastq/JR2420_read1.fastq.gz
/scratch/Shares/rinn/Michael/firre_timecourse/input/fastq/JR2420_L001_R2.fastq.gz,/scratch/Shares/rinn/Michael/firre_timecourse1/fastq/JR2420_read2.fastq.gz
/scratch/Shares/rinn/Michael/firre_timecourse/input/fastq/JR2421_L001_R1.fastq.gz,/scratch/Shares/rinn/Michael/firre_timecourse1/fastq/JR2421_read1.fastq.gz
/scratch/Shares/rinn/Michael/firre_timecourse/input/fastq/JR2421_L001_R2.fastq.gz,/scratch/Shares/rinn/Michael/firre_timecourse1/fastq/JR2421_read2.fastq.gz
/scratch/Shares/rinn/Michael/firre_timecourse/input/fastq/JR2422_L001_R1.fastq.gz,/scratch/Shares/rinn/Michael/firre_timecourse1/fastq/JR2422_read1.fastq.gz
/scratch/Shares/rinn/Michael/firre_timecourse/input/fastq/JR2422_L001_R2.fastq.gz,/scratch/Shares/rinn/Michael/firre_timecourse1/fastq/JR2422_read2.fastq.gz
/scratch/Shares/rinn/Michael/firre_timecourse/input/fastq/JR2423_L001_R1.fastq.gz,/scratch/Shares/rinn/Michael/firre_timecourse1/fastq/JR2423_read1.fastq.gz
/scratch/Shares/rinn/Michael/firre_timecourse/input/fastq/JR2423_L001_R2.fastq.gz,/scratch/Shares/rinn/Michael/firre_timecourse1/fastq/JR2423_read2.fastq.gz
/scratch/Shares/rinn/Michael/firre_timecourse/input/fastq/JR2424_L001_R1.fastq.gz,/scratch/Shares/rinn/Michael/firre_timecourse1/fastq/JR2424_read1.fastq.gz
/scratch/Shares/rinn/Michael/firre_timecourse/input/fastq/JR2424_L001_R2.fastq.gz,/scratch/Shares/rinn/Michael/firre_timecourse1/fastq/JR2424_read2.fastq.gz
/scratch/Shares/rinn/Michael/firre_timecourse/input/fastq/JR2425_L001_R1.fastq.gz,/scratch/Shares/rinn/Michael/firre_timecourse1/fastq/JR2425_read1.fastq.gz
/scratch/Shares/rinn/Michael/firre_timecourse/input/fastq/JR2425_L001_R2.fastq.gz,/scratch/Shares/rinn/Michael/firre_timecourse1/fastq/JR2425_read2.fastq.gz
/scratch/Shares/rinn/Michael/firre_timecourse/input/fastq/JR2426_L001_R1.fastq.gz,/scratch/Shares/rinn/Michael/firre_timecourse1/fastq/JR2426_read1.fastq.gz
/scratch/Shares/rinn/Michael/firre_timecourse/input/fastq/JR2426_L001_R2.fastq.gz,/scratch/Shares/rinn/Michael/firre_timecourse1/fastq/JR2426_read2.fastq.gz
/scratch/Shares/rinn/Michael/firre_timecourse/input/fastq/JR2427_L001_R1.fastq.gz,/scratch/Shares/rinn/Michael/firre_timecourse1/fastq/JR2427_read1.fastq.gz
/scratch/Shares/rinn/Michael/firre_timecourse/input/fastq/JR2427_L001_R2.fastq.gz,/scratch/Shares/rinn/Michael/firre_timecourse1/fastq/JR2427_read2.fastq.gz
/scratch/Shares/rinn/Michael/firre_timecourse/input/fastq/JR2428_L001_R1.fastq.gz,/scratch/Shares/rinn/Michael/firre_timecourse1/fastq/JR2428_read1.fastq.gz
/scratch/Shares/rinn/Michael/firre_timecourse/input/fastq/JR2428_L001_R2.fastq.gz,/scratch/Shares/rinn/Michael/firre_timecourse1/fastq/JR2428_read2.fastq.gz
/scratch/Shares/rinn/Michael/firre_timecourse/input/fastq/JR2429_L001_R1.fastq.gz,/scratch/Shares/rinn/Michael/firre_timecourse1/fastq/JR2429_read1.fastq.gz
/scratch/Shares/rinn/Michael/firre_timecourse/input/fastq/JR2429_L001_R2.fastq.gz,/scratch/Shares/rinn/Michael/firre_timecourse1/fastq/JR2429_read2.fastq.gz
/scratch/Shares/rinn/Michael/firre_timecourse/input/fastq/JR2430_L001_R1.fastq.gz,/scratch/Shares/rinn/Michael/firre_timecourse1/fastq/JR2430_read1.fastq.gz
/scratch/Shares/rinn/Michael/firre_timecourse/input/fastq/JR2430_L001_R2.fastq.gz,/scratch/Shares/rinn/Michael/firre_timecourse1/fastq/JR2430_read2.fastq.gz
/scratch/Shares/rinn/Michael/firre_timecourse/input/fastq/JR2431_L001_R1.fastq.gz,/scratch/Shares/rinn/Michael/firre_timecourse1/fastq/JR2431_read1.fastq.gz
/scratch/Shares/rinn/Michael/firre_timecourse/input/fastq/JR2431_L001_R2.fastq.gz,/scratch/Shares/rinn/Michael/firre_timecourse1/fastq/JR2431_read2.fastq.gz
/scratch/Shares/rinn/Michael/firre_timecourse/input/fastq/JR2432_L001_R1.fastq.gz,/scratch/Shares/rinn/Michael/firre_timecourse1/fastq/JR2432_read1.fastq.gz
/scratch/Shares/rinn/Michael/firre_timecourse/input/fastq/JR2432_L001_R2.fastq.gz,/scratch/Shares/rinn/Michael/firre_timecourse1/fastq/JR2432_read2.fastq.gz
/scratch/Shares/rinn/Michael/firre_timecourse/input/fastq/JR2433_L001_R1.fastq.gz,/scratch/Shares/rinn/Michael/firre_timecourse1/fastq/JR2433_read1.fastq.gz
/scratch/Shares/rinn/Michael/firre_timecourse/input/fastq/JR2433_L001_R2.fastq.gz,/scratch/Shares/rinn/Michael/firre_timecourse1/fastq/JR2433_read2.fastq.gz
/scratch/Shares/rinn/Michael/firre_timecourse/input/fastq/JR2434_L001_R1.fastq.gz,/scratch/Shares/rinn/Michael/firre_timecourse1/fastq/JR2434_read1.fastq.gz
/scratch/Shares/rinn/Michael/firre_timecourse/input/fastq/JR2434_L001_R2.fastq.gz,/scratch/Shares/rinn/Michael/firre_timecourse1/fastq/JR2434_read2.fastq.gz
/scratch/Shares/rinn/Michael/firre_timecourse/input/fastq/JR2435_L001_R1.fastq.gz,/scratch/Shares/rinn/Michael/firre_timecourse1/fastq/JR2435_read1.fastq.gz
/scratch/Shares/rinn/Michael/firre_timecourse/input/fastq/JR2435_L001_R2.fastq.gz,/scratch/Shares/rinn/Michael/firre_timecourse1/fastq/JR2435_read2.fastq.gz
/scratch/Shares/rinn/Michael/firre_timecourse/input/fastq/JR2436_L001_R1.fastq.gz,/scratch/Shares/rinn/Michael/firre_timecourse1/fastq/JR2436_read1.fastq.gz
/scratch/Shares/rinn/Michael/firre_timecourse/input/fastq/JR2436_L001_R2.fastq.gz,/scratch/Shares/rinn/Michael/firre_timecourse1/fastq/JR2436_read2.fastq.gz
/scratch/Shares/rinn/Michael/firre_timecourse/input/fastq/JR2437_L001_R1.fastq.gz,/scratch/Shares/rinn/Michael/firre_timecourse1/fastq/JR2437_read1.fastq.gz
/scratch/Shares/rinn/Michael/firre_timecourse/input/fastq/JR2437_L001_R2.fastq.gz,/scratch/Shares/rinn/Michael/firre_timecourse1/fastq/JR2437_read2.fastq.gz
/scratch/Shares/rinn/Michael/firre_timecourse/input/fastq/JR2438_L001_R1.fastq.gz,/scratch/Shares/rinn/Michael/firre_timecourse1/fastq/JR2438_read1.fastq.gz
/scratch/Shares/rinn/Michael/firre_timecourse/input/fastq/JR2438_L001_R2.fastq.gz,/scratch/Shares/rinn/Michael/firre_timecourse1/fastq/JR2438_read2.fastq.gz
/scratch/Shares/rinn/Michael/firre_timecourse/input/fastq/JR2439_L001_R1.fastq.gz,/scratch/Shares/rinn/Michael/firre_timecourse1/fastq/JR2439_read1.fastq.gz
/scratch/Shares/rinn/Michael/firre_timecourse/input/fastq/JR2439_L001_R2.fastq.gz,/scratch/Shares/rinn/Michael/firre_timecourse1/fastq/JR2439_read2.fastq.gz
/scratch/Shares/rinn/Michael/firre_timecourse/input/fastq/JR2440_L001_R1.fastq.gz,/scratch/Shares/rinn/Michael/firre_timecourse1/fastq/JR2440_read1.fastq.gz
/scratch/Shares/rinn/Michael/firre_timecourse/input/fastq/JR2440_L001_R2.fastq.gz,/scratch/Shares/rinn/Michael/firre_timecourse1/fastq/JR2440_read2.fastq.gz
/scratch/Shares/rinn/Michael/firre_timecourse/input/fastq/JR2441_L001_R1.fastq.gz,/scratch/Shares/rinn/Michael/firre_timecourse1/fastq/JR2441_read1.fastq.gz
/scratch/Shares/rinn/Michael/firre_timecourse/input/fastq/JR2441_L001_R2.fastq.gz,/scratch/Shares/rinn/Michael/firre_timecourse1/fastq/JR2441_read2.fastq.gz
/scratch/Shares/rinn/Michael/firre_timecourse/input/fastq/JR2442_L001_R1.fastq.gz,/scratch/Shares/rinn/Michael/firre_timecourse1/fastq/JR2442_read1.fastq.gz
/scratch/Shares/rinn/Michael/firre_timecourse/input/fastq/JR2442_L001_R2.fastq.gz,/scratch/Shares/rinn/Michael/firre_timecourse1/fastq/JR2442_read2.fastq.gz
/scratch/Shares/rinn/Michael/firre_timecourse/input/fastq/JR2443_L001_R1.fastq.gz,/scratch/Shares/rinn/Michael/firre_timecourse1/fastq/JR2443_read1.fastq.gz
/scratch/Shares/rinn/Michael/firre_timecourse/input/fastq/JR2443_L001_R2.fastq.gz,/scratch/Shares/rinn/Michael/firre_timecourse1/fastq/JR2443_read2.fastq.gz
/scratch/Shares/rinn/Michael/firre_timecourse/input/fastq/JR2444_L001_R1.fastq.gz,/scratch/Shares/rinn/Michael/firre_timecourse1/fastq/JR2444_read1.fastq.gz
/scratch/Shares/rinn/Michael/firre_timecourse/input/fastq/JR2444_L001_R2.fastq.gz,/scratch/Shares/rinn/Michael/firre_timecourse1/fastq/JR2444_read2.fastq.gz
/scratch/Shares/rinn/Michael/firre_timecourse/input/fastq/JR2445_L001_R1.fastq.gz,/scratch/Shares/rinn/Michael/firre_timecourse1/fastq/JR2445_read1.fastq.gz
/scratch/Shares/rinn/Michael/firre_timecourse/input/fastq/JR2445_L001_R2.fastq.gz,/scratch/Shares/rinn/Michael/firre_timecourse1/fastq/JR2445_read2.fastq.gz
/scratch/Shares/rinn/Michael/firre_timecourse/input/fastq/JR2446_L001_R1.fastq.gz,/scratch/Shares/rinn/Michael/firre_timecourse1/fastq/JR2446_read1.fastq.gz
/scratch/Shares/rinn/Michael/firre_timecourse/input/fastq/JR2446_L001_R2.fastq.gz,/scratch/Shares/rinn/Michael/firre_timecourse1/fastq/JR2446_read2.fastq.gz
/scratch/Shares/rinn/Michael/firre_timecourse/input/fastq/JR2447_L001_R1.fastq.gz,/scratch/Shares/rinn/Michael/firre_timecourse1/fastq/JR2447_read1.fastq.gz
/scratch/Shares/rinn/Michael/firre_timecourse/input/fastq/JR2447_L001_R2.fastq.gz,/scratch/Shares/rinn/Michael/firre_timecourse1/fastq/JR2447_read2.fastq.gz
/scratch/Shares/rinn/Michael/firre_timecourse/input/fastq/JR2448_L001_R1.fastq.gz,/scratch/Shares/rinn/Michael/firre_timecourse1/fastq/JR2448_read1.fastq.gz
/scratch/Shares/rinn/Michael/firre_timecourse/input/fastq/JR2448_L001_R2.fastq.gz,/scratch/Shares/rinn/Michael/firre_timecourse1/fastq/JR2448_read2.fastq.gz
/scratch/Shares/rinn/Michael/firre_timecourse/input/fastq/JR2449_L001_R1.fastq.gz,/scratch/Shares/rinn/Michael/firre_timecourse1/fastq/JR2449_read1.fastq.gz
/scratch/Shares/rinn/Michael/firre_timecourse/input/fastq/JR2449_L001_R2.fastq.gz,/scratch/Shares/rinn/Michael/firre_timecourse1/fastq/JR2449_read2.fastq.gz
/scratch/Shares/rinn/Michael/firre_timecourse/input/fastq/JR2450_L001_R1.fastq.gz,/scratch/Shares/rinn/Michael/firre_timecourse1/fastq/JR2450_read1.fastq.gz
/scratch/Shares/rinn/Michael/firre_timecourse/input/fastq/JR2450_L001_R2.fastq.gz,/scratch/Shares/rinn/Michael/firre_timecourse1/fastq/JR2450_read2.fastq.gz
/scratch/Shares/rinn/Michael/firre_timecourse/input/fastq/JR2451_L001_R1.fastq.gz,/scratch/Shares/rinn/Michael/firre_timecourse1/fastq/JR2451_read1.fastq.gz
/scratch/Shares/rinn/Michael/firre_timecourse/input/fastq/JR2451_L001_R2.fastq.gz,/scratch/Shares/rinn/Michael/firre_timecourse1/fastq/JR2451_read2.fastq.gz
/scratch/Shares/rinn/Michael/firre_timecourse/input/fastq/JR2452_L001_R1.fastq.gz,/scratch/Shares/rinn/Michael/firre_timecourse1/fastq/JR2452_read1.fastq.gz
/scratch/Shares/rinn/Michael/firre_timecourse/input/fastq/JR2452_L001_R2.fastq.gz,/scratch/Shares/rinn/Michael/firre_timecourse1/fastq/JR2452_read2.fastq.gz
/scratch/Shares/rinn/Michael/firre_timecourse/input/fastq/JR2453_L001_R1.fastq.gz,/scratch/Shares/rinn/Michael/firre_timecourse1/fastq/JR2453_read1.fastq.gz
/scratch/Shares/rinn/Michael/firre_timecourse/input/fastq/JR2453_L001_R2.fastq.gz,/scratch/Shares/rinn/Michael/firre_timecourse1/fastq/JR2453_read2.fastq.gz
/scratch/Shares/rinn/Michael/firre_timecourse/input/fastq/JR2492_L001_R1.fastq.gz,/scratch/Shares/rinn/Michael/firre_timecourse1/fastq/JR2492_read1.fastq.gz
/scratch/Shares/rinn/Michael/firre_timecourse/input/fastq/JR2492_L001_R2.fastq.gz,/scratch/Shares/rinn/Michael/firre_timecourse1/fastq/JR2492_read2.fastq.gz
/scratch/Shares/rinn/Michael/firre_timecourse/input/fastq/JR2493_L001_R1.fastq.gz,/scratch/Shares/rinn/Michael/firre_timecourse1/fastq/JR2493_read1.fastq.gz
/scratch/Shares/rinn/Michael/firre_timecourse/input/fastq/JR2493_L001_R2.fastq.gz,/scratch/Shares/rinn/Michael/firre_timecourse1/fastq/JR2493_read2.fastq.gz
/scratch/Shares/rinn/Michael/firre_timecourse/input/fastq/JR2494_L001_R1.fastq.gz,/scratch/Shares/rinn/Michael/firre_timecourse1/fastq/JR2494_read1.fastq.gz
/scratch/Shares/rinn/Michael/firre_timecourse/input/fastq/JR2494_L001_R2.fastq.gz,/scratch/Shares/rinn/Michael/firre_timecourse1/fastq/JR2494_read2.fastq.gz
/scratch/Shares/rinn/Michael/firre_timecourse/input/fastq/JR2495_L001_R1.fastq.gz,/scratch/Shares/rinn/Michael/firre_timecourse1/fastq/JR2495_read1.fastq.gz
/scratch/Shares/rinn/Michael/firre_timecourse/input/fastq/JR2495_L001_R2.fastq.gz,/scratch/Shares/rinn/Michael/firre_timecourse1/fastq/JR2495_read2.fastq.gz
/scratch/Shares/rinn/Michael/firre_timecourse/input/fastq/JR2496_L001_R1.fastq.gz,/scratch/Shares/rinn/Michael/firre_timecourse1/fastq/JR2496_read1.fastq.gz
/scratch/Shares/rinn/Michael/firre_timecourse/input/fastq/JR2496_L001_R2.fastq.gz,/scratch/Shares/rinn/Michael/firre_timecourse1/fastq/JR2496_read2.fastq.gz
/scratch/Shares/rinn/Michael/firre_timecourse/input/fastq/JR2497_L001_R1.fastq.gz,/scratch/Shares/rinn/Michael/firre_timecourse1/fastq/JR2497_read1.fastq.gz
/scratch/Shares/rinn/Michael/firre_timecourse/input/fastq/JR2497_L001_R2.fastq.gz,/scratch/Shares/rinn/Michael/firre_timecourse1/fastq/JR2497_read2.fastq.gz
/scratch/Shares/rinn/Michael/firre_timecourse/input/fastq/JR2498_L001_R1.fastq.gz,/scratch/Shares/rinn/Michael/firre_timecourse1/fastq/JR2498_read1.fastq.gz
/scratch/Shares/rinn/Michael/firre_timecourse/input/fastq/JR2498_L001_R2.fastq.gz,/scratch/Shares/rinn/Michael/firre_timecourse1/fastq/JR2498_read2.fastq.gz
/scratch/Shares/rinn/Michael/firre_timecourse/input/fastq/JR2499_L001_R1.fastq.gz,/scratch/Shares/rinn/Michael/firre_timecourse1/fastq/JR2499_read1.fastq.gz
/scratch/Shares/rinn/Michael/firre_timecourse/input/fastq/JR2499_L001_R2.fastq.gz,/scratch/Shares/rinn/Michael/firre_timecourse1/fastq/JR2499_read2.fastq.gz
/scratch/Shares/rinn/Michael/firre_timecourse/input/fastq/JR2500_L001_R1.fastq.gz,/scratch/Shares/rinn/Michael/firre_timecourse1/fastq/JR2500_read1.fastq.gz
/scratch/Shares/rinn/Michael/firre_timecourse/input/fastq/JR2500_L001_R2.fastq.gz,/scratch/Shares/rinn/Michael/firre_timecourse1/fastq/JR2500_read2.fastq.gz
/scratch/Shares/rinn/Michael/firre_timecourse/input/fastq/JR2501_L001_R1.fastq.gz,/scratch/Shares/rinn/Michael/firre_timecourse1/fastq/JR2501_read1.fastq.gz
/scratch/Shares/rinn/Michael/firre_timecourse/input/fastq/JR2501_L001_R2.fastq.gz,/scratch/Shares/rinn/Michael/firre_timecourse1/fastq/JR2501_read2.fastq.gz
/scratch/Shares/rinn/Michael/firre_timecourse/input/fastq/JR2502_L001_R1.fastq.gz,/scratch/Shares/rinn/Michael/firre_timecourse1/fastq/JR2502_read1.fastq.gz
/scratch/Shares/rinn/Michael/firre_timecourse/input/fastq/JR2502_L001_R2.fastq.gz,/scratch/Shares/rinn/Michael/firre_timecourse1/fastq/JR2502_read2.fastq.gz
/scratch/Shares/rinn/Michael/firre_timecourse/input/fastq/JR2503_L001_R1.fastq.gz,/scratch/Shares/rinn/Michael/firre_timecourse1/fastq/JR2503_read1.fastq.gz
/scratch/Shares/rinn/Michael/firre_timecourse/input/fastq/JR2503_L001_R2.fastq.gz,/scratch/Shares/rinn/Michael/firre_timecourse1/fastq/JR2503_read2.fastq.gz
/scratch/Shares/rinn/Michael/firre_timecourse/input/fastq/JR2504_L001_R1.fastq.gz,/scratch/Shares/rinn/Michael/firre_timecourse1/fastq/JR2504_read1.fastq.gz
/scratch/Shares/rinn/Michael/firre_timecourse/input/fastq/JR2504_L001_R2.fastq.gz,/scratch/Shares/rinn/Michael/firre_timecourse1/fastq/JR2504_read2.fastq.gz
/scratch/Shares/rinn/Michael/firre_timecourse/input/fastq/JR2505_L001_R1.fastq.gz,/scratch/Shares/rinn/Michael/firre_timecourse1/fastq/JR2505_read1.fastq.gz
/scratch/Shares/rinn/Michael/firre_timecourse/input/fastq/JR2505_L001_R2.fastq.gz,/scratch/Shares/rinn/Michael/firre_timecourse1/fastq/JR2505_read2.fastq.gz
/scratch/Shares/rinn/Michael/firre_timecourse/input/fastq/JR2506_L001_R1.fastq.gz,/scratch/Shares/rinn/Michael/firre_timecourse1/fastq/JR2506_read1.fastq.gz
/scratch/Shares/rinn/Michael/firre_timecourse/input/fastq/JR2506_L001_R2.fastq.gz,/scratch/Shares/rinn/Michael/firre_timecourse1/fastq/JR2506_read2.fastq.gz
/scratch/Shares/rinn/Michael/firre_timecourse/input/fastq/JR2507_L001_R1.fastq.gz,/scratch/Shares/rinn/Michael/firre_timecourse1/fastq/JR2507_read1.fastq.gz
/scratch/Shares/rinn/Michael/firre_timecourse/input/fastq/JR2507_L001_R2.fastq.gz,/scratch/Shares/rinn/Michael/firre_timecourse1/fastq/JR2507_read2.fastq.gz
/scratch/Shares/rinn/Michael/firre_timecourse/input/fastq/JR2508_L001_R1.fastq.gz,/scratch/Shares/rinn/Michael/firre_timecourse1/fastq/JR2508_read1.fastq.gz
/scratch/Shares/rinn/Michael/firre_timecourse/input/fastq/JR2508_L001_R2.fastq.gz,/scratch/Shares/rinn/Michael/firre_timecourse1/fastq/JR2508_read2.fastq.gz
/scratch/Shares/rinn/Michael/firre_timecourse/input/fastq/JR2509_L001_R1.fastq.gz,/scratch/Shares/rinn/Michael/firre_timecourse1/fastq/JR2509_read1.fastq.gz
/scratch/Shares/rinn/Michael/firre_timecourse/input/fastq/JR2509_L001_R2.fastq.gz,/scratch/Shares/rinn/Michael/firre_timecourse1/fastq/JR2509_read2.fastq.gz
/scratch/Shares/rinn/Michael/firre_timecourse/input/fastq/JR2510_L001_R1.fastq.gz,/scratch/Shares/rinn/Michael/firre_timecourse1/fastq/JR2510_read1.fastq.gz
/scratch/Shares/rinn/Michael/firre_timecourse/input/fastq/JR2510_L001_R2.fastq.gz,/scratch/Shares/rinn/Michael/firre_timecourse1/fastq/JR2510_read2.fastq.gz
/scratch/Shares/rinn/Michael/firre_timecourse/input/fastq/JR2511_L001_R1.fastq.gz,/scratch/Shares/rinn/Michael/firre_timecourse1/fastq/JR2511_read1.fastq.gz
/scratch/Shares/rinn/Michael/firre_timecourse/input/fastq/JR2511_L001_R2.fastq.gz,/scratch/Shares/rinn/Michael/firre_timecourse1/fastq/JR2511_read2.fastq.gz
/scratch/Shares/rinn/Michael/firre_timecourse/input/fastq/JR2512_L001_R1.fastq.gz,/scratch/Shares/rinn/Michael/firre_timecourse1/fastq/JR2512_read1.fastq.gz
/scratch/Shares/rinn/Michael/firre_timecourse/input/fastq/JR2512_L001_R2.fastq.gz,/scratch/Shares/rinn/Michael/firre_timecourse1/fastq/JR2512_read2.fastq.gz
/scratch/Shares/rinn/Michael/firre_timecourse/input/fastq/JR2513_L001_R1.fastq.gz,/scratch/Shares/rinn/Michael/firre_timecourse1/fastq/JR2513_read1.fastq.gz
/scratch/Shares/rinn/Michael/firre_timecourse/input/fastq/JR2513_L001_R2.fastq.gz,/scratch/Shares/rinn/Michael/firre_timecourse1/fastq/JR2513_read2.fastq.gz
/scratch/Shares/rinn/Michael/firre_timecourse/input/fastq/JR2514_L001_R1.fastq.gz,/scratch/Shares/rinn/Michael/firre_timecourse1/fastq/JR2514_read1.fastq.gz
/scratch/Shares/rinn/Michael/firre_timecourse/input/fastq/JR2514_L001_R2.fastq.gz,/scratch/Shares/rinn/Michael/firre_timecourse1/fastq/JR2514_read2.fastq.gz
/scratch/Shares/rinn/Michael/firre_timecourse/input/fastq/JR2515_L001_R1.fastq.gz,/scratch/Shares/rinn/Michael/firre_timecourse1/fastq/JR2515_read1.fastq.gz
/scratch/Shares/rinn/Michael/firre_timecourse/input/fastq/JR2515_L001_R2.fastq.gz,/scratch/Shares/rinn/Michael/firre_timecourse1/fastq/JR2515_read2.fastq.gz
/rinnlab/rinngrp/mism6893/christian_timecourse/30-239079954/1_R1_001.fastq.gz,/scratch/Shares/rinn/Michael/firre_timecourse1/fastq/JR2516_read1.fastq.gz
/rinnlab/rinngrp/mism6893/christian_timecourse/30-239079954/1_R2_001.fastq.gz,/scratch/Shares/rinn/Michael/firre_timecourse1/fastq/JR2516_read2.fastq.gz
/rinnlab/rinngrp/mism6893/christian_timecourse/30-239079954/10_R1_001.fastq.gz,/scratch/Shares/rinn/Michael/firre_timecourse1/fastq/JR2525_read1.fastq.gz
/rinnlab/rinngrp/mism6893/christian_timecourse/30-239079954/10_R2_001.fastq.gz,/scratch/Shares/rinn/Michael/firre_timecourse1/fastq/JR2525_read2.fastq.gz
/rinnlab/rinngrp/mism6893/christian_timecourse/30-239079954/11_R1_001.fastq.gz,/scratch/Shares/rinn/Michael/firre_timecourse1/fastq/JR2526_read1.fastq.gz
/rinnlab/rinngrp/mism6893/christian_timecourse/30-239079954/11_R2_001.fastq.gz,/scratch/Shares/rinn/Michael/firre_timecourse1/fastq/JR2526_read2.fastq.gz
/rinnlab/rinngrp/mism6893/christian_timecourse/30-239079954/12_R1_001.fastq.gz,/scratch/Shares/rinn/Michael/firre_timecourse1/fastq/JR2527_read1.fastq.gz
/rinnlab/rinngrp/mism6893/christian_timecourse/30-239079954/12_R2_001.fastq.gz,/scratch/Shares/rinn/Michael/firre_timecourse1/fastq/JR2527_read2.fastq.gz
/rinnlab/rinngrp/mism6893/christian_timecourse/30-239079954/13_R1_001.fastq.gz,/scratch/Shares/rinn/Michael/firre_timecourse1/fastq/JR2528_read1.fastq.gz
/rinnlab/rinngrp/mism6893/christian_timecourse/30-239079954/13_R2_001.fastq.gz,/scratch/Shares/rinn/Michael/firre_timecourse1/fastq/JR2528_read2.fastq.gz
/rinnlab/rinngrp/mism6893/christian_timecourse/30-239079954/14_R1_001.fastq.gz,/scratch/Shares/rinn/Michael/firre_timecourse1/fastq/JR2529_read1.fastq.gz
/rinnlab/rinngrp/mism6893/christian_timecourse/30-239079954/14_R2_001.fastq.gz,/scratch/Shares/rinn/Michael/firre_timecourse1/fastq/JR2529_read2.fastq.gz
/rinnlab/rinngrp/mism6893/christian_timecourse/30-239079954/15_R1_001.fastq.gz,/scratch/Shares/rinn/Michael/firre_timecourse1/fastq/JR2530_read1.fastq.gz
/rinnlab/rinngrp/mism6893/christian_timecourse/30-239079954/15_R2_001.fastq.gz,/scratch/Shares/rinn/Michael/firre_timecourse1/fastq/JR2530_read2.fastq.gz
/rinnlab/rinngrp/mism6893/christian_timecourse/30-239079954/16_R1_001.fastq.gz,/scratch/Shares/rinn/Michael/firre_timecourse1/fastq/JR2531_read1.fastq.gz
/rinnlab/rinngrp/mism6893/christian_timecourse/30-239079954/16_R2_001.fastq.gz,/scratch/Shares/rinn/Michael/firre_timecourse1/fastq/JR2531_read2.fastq.gz
/rinnlab/rinngrp/mism6893/christian_timecourse/30-239079954/17_R1_001.fastq.gz,/scratch/Shares/rinn/Michael/firre_timecourse1/fastq/JR2532_read1.fastq.gz
/rinnlab/rinngrp/mism6893/christian_timecourse/30-239079954/17_R2_001.fastq.gz,/scratch/Shares/rinn/Michael/firre_timecourse1/fastq/JR2532_read2.fastq.gz
/rinnlab/rinngrp/mism6893/christian_timecourse/30-239079954/18_R1_001.fastq.gz,/scratch/Shares/rinn/Michael/firre_timecourse1/fastq/JR2533_read1.fastq.gz
/rinnlab/rinngrp/mism6893/christian_timecourse/30-239079954/18_R2_001.fastq.gz,/scratch/Shares/rinn/Michael/firre_timecourse1/fastq/JR2533_read2.fastq.gz
/rinnlab/rinngrp/mism6893/christian_timecourse/30-239079954/19_R1_001.fastq.gz,/scratch/Shares/rinn/Michael/firre_timecourse1/fastq/JR2534_read1.fastq.gz
/rinnlab/rinngrp/mism6893/christian_timecourse/30-239079954/19_R2_001.fastq.gz,/scratch/Shares/rinn/Michael/firre_timecourse1/fastq/JR2534_read2.fastq.gz
/rinnlab/rinngrp/mism6893/christian_timecourse/30-239079954/2_R1_001.fastq.gz,/scratch/Shares/rinn/Michael/firre_timecourse1/fastq/JR2517_read1.fastq.gz
/rinnlab/rinngrp/mism6893/christian_timecourse/30-239079954/2_R2_001.fastq.gz,/scratch/Shares/rinn/Michael/firre_timecourse1/fastq/JR2517_read2.fastq.gz
/rinnlab/rinngrp/mism6893/christian_timecourse/30-239079954/20_R1_001.fastq.gz,/scratch/Shares/rinn/Michael/firre_timecourse1/fastq/JR2535_read1.fastq.gz
/rinnlab/rinngrp/mism6893/christian_timecourse/30-239079954/20_R2_001.fastq.gz,/scratch/Shares/rinn/Michael/firre_timecourse1/fastq/JR2535_read2.fastq.gz
/rinnlab/rinngrp/mism6893/christian_timecourse/30-239079954/21_R1_001.fastq.gz,/scratch/Shares/rinn/Michael/firre_timecourse1/fastq/JR2536_read1.fastq.gz
/rinnlab/rinngrp/mism6893/christian_timecourse/30-239079954/21_R2_001.fastq.gz,/scratch/Shares/rinn/Michael/firre_timecourse1/fastq/JR2536_read2.fastq.gz
/rinnlab/rinngrp/mism6893/christian_timecourse/30-239079954/22_R1_001.fastq.gz,/scratch/Shares/rinn/Michael/firre_timecourse1/fastq/JR2537_read1.fastq.gz
/rinnlab/rinngrp/mism6893/christian_timecourse/30-239079954/22_R2_001.fastq.gz,/scratch/Shares/rinn/Michael/firre_timecourse1/fastq/JR2537_read2.fastq.gz
/rinnlab/rinngrp/mism6893/christian_timecourse/30-239079954/23_R1_001.fastq.gz,/scratch/Shares/rinn/Michael/firre_timecourse1/fastq/JR2538_read1.fastq.gz
/rinnlab/rinngrp/mism6893/christian_timecourse/30-239079954/23_R2_001.fastq.gz,/scratch/Shares/rinn/Michael/firre_timecourse1/fastq/JR2538_read2.fastq.gz
/rinnlab/rinngrp/mism6893/christian_timecourse/30-239079954/24_R1_001.fastq.gz,/scratch/Shares/rinn/Michael/firre_timecourse1/fastq/JR2539_read1.fastq.gz
/rinnlab/rinngrp/mism6893/christian_timecourse/30-239079954/24_R2_001.fastq.gz,/scratch/Shares/rinn/Michael/firre_timecourse1/fastq/JR2539_read2.fastq.gz
/rinnlab/rinngrp/mism6893/christian_timecourse/30-239079954/25_R1_001.fastq.gz,/scratch/Shares/rinn/Michael/firre_timecourse1/fastq/JR2540_read1.fastq.gz
/rinnlab/rinngrp/mism6893/christian_timecourse/30-239079954/25_R2_001.fastq.gz,/scratch/Shares/rinn/Michael/firre_timecourse1/fastq/JR2540_read2.fastq.gz
/rinnlab/rinngrp/mism6893/christian_timecourse/30-239079954/26_R1_001.fastq.gz,/scratch/Shares/rinn/Michael/firre_timecourse1/fastq/JR2541_read1.fastq.gz
/rinnlab/rinngrp/mism6893/christian_timecourse/30-239079954/26_R2_001.fastq.gz,/scratch/Shares/rinn/Michael/firre_timecourse1/fastq/JR2541_read2.fastq.gz
/rinnlab/rinngrp/mism6893/christian_timecourse/30-239079954/27_R1_001.fastq.gz,/scratch/Shares/rinn/Michael/firre_timecourse1/fastq/JR2542_read1.fastq.gz
/rinnlab/rinngrp/mism6893/christian_timecourse/30-239079954/27_R2_001.fastq.gz,/scratch/Shares/rinn/Michael/firre_timecourse1/fastq/JR2542_read2.fastq.gz
/rinnlab/rinngrp/mism6893/christian_timecourse/30-239079954/28_R1_001.fastq.gz,/scratch/Shares/rinn/Michael/firre_timecourse1/fastq/JR2543_read1.fastq.gz
/rinnlab/rinngrp/mism6893/christian_timecourse/30-239079954/28_R2_001.fastq.gz,/scratch/Shares/rinn/Michael/firre_timecourse1/fastq/JR2543_read2.fastq.gz
/rinnlab/rinngrp/mism6893/christian_timecourse/30-239079954/29_R1_001.fastq.gz,/scratch/Shares/rinn/Michael/firre_timecourse1/fastq/JR2544_read1.fastq.gz
/rinnlab/rinngrp/mism6893/christian_timecourse/30-239079954/29_R2_001.fastq.gz,/scratch/Shares/rinn/Michael/firre_timecourse1/fastq/JR2544_read2.fastq.gz
/rinnlab/rinngrp/mism6893/christian_timecourse/30-239079954/3_R1_001.fastq.gz,/scratch/Shares/rinn/Michael/firre_timecourse1/fastq/JR2518_read1.fastq.gz
/rinnlab/rinngrp/mism6893/christian_timecourse/30-239079954/3_R2_001.fastq.gz,/scratch/Shares/rinn/Michael/firre_timecourse1/fastq/JR2518_read2.fastq.gz
/rinnlab/rinngrp/mism6893/christian_timecourse/30-239079954/30_R1_001.fastq.gz,/scratch/Shares/rinn/Michael/firre_timecourse1/fastq/JR2545_read1.fastq.gz
/rinnlab/rinngrp/mism6893/christian_timecourse/30-239079954/30_R2_001.fastq.gz,/scratch/Shares/rinn/Michael/firre_timecourse1/fastq/JR2545_read2.fastq.gz
/rinnlab/rinngrp/mism6893/christian_timecourse/30-239079954/31_R1_001.fastq.gz,/scratch/Shares/rinn/Michael/firre_timecourse1/fastq/JR2546_read1.fastq.gz
/rinnlab/rinngrp/mism6893/christian_timecourse/30-239079954/31_R2_001.fastq.gz,/scratch/Shares/rinn/Michael/firre_timecourse1/fastq/JR2546_read2.fastq.gz
/rinnlab/rinngrp/mism6893/christian_timecourse/30-239079954/32_R1_001.fastq.gz,/scratch/Shares/rinn/Michael/firre_timecourse1/fastq/JR2547_read1.fastq.gz
/rinnlab/rinngrp/mism6893/christian_timecourse/30-239079954/32_R2_001.fastq.gz,/scratch/Shares/rinn/Michael/firre_timecourse1/fastq/JR2547_read2.fastq.gz
/rinnlab/rinngrp/mism6893/christian_timecourse/30-239079954/33_R1_001.fastq.gz,/scratch/Shares/rinn/Michael/firre_timecourse1/fastq/JR2548_read1.fastq.gz
/rinnlab/rinngrp/mism6893/christian_timecourse/30-239079954/33_R2_001.fastq.gz,/scratch/Shares/rinn/Michael/firre_timecourse1/fastq/JR2548_read2.fastq.gz
/rinnlab/rinngrp/mism6893/christian_timecourse/30-239079954/34_R1_001.fastq.gz,/scratch/Shares/rinn/Michael/firre_timecourse1/fastq/JR2549_read1.fastq.gz
/rinnlab/rinngrp/mism6893/christian_timecourse/30-239079954/34_R2_001.fastq.gz,/scratch/Shares/rinn/Michael/firre_timecourse1/fastq/JR2549_read2.fastq.gz
/rinnlab/rinngrp/mism6893/christian_timecourse/30-239079954/35_R1_001.fastq.gz,/scratch/Shares/rinn/Michael/firre_timecourse1/fastq/JR2550_read1.fastq.gz
/rinnlab/rinngrp/mism6893/christian_timecourse/30-239079954/35_R2_001.fastq.gz,/scratch/Shares/rinn/Michael/firre_timecourse1/fastq/JR2550_read2.fastq.gz
/rinnlab/rinngrp/mism6893/christian_timecourse/30-239079954/36_R1_001.fastq.gz,/scratch/Shares/rinn/Michael/firre_timecourse1/fastq/JR2551_read1.fastq.gz
/rinnlab/rinngrp/mism6893/christian_timecourse/30-239079954/36_R2_001.fastq.gz,/scratch/Shares/rinn/Michael/firre_timecourse1/fastq/JR2551_read2.fastq.gz
/rinnlab/rinngrp/mism6893/christian_timecourse/30-239079954/37_R1_001.fastq.gz,/scratch/Shares/rinn/Michael/firre_timecourse1/fastq/JR2552_read1.fastq.gz
/rinnlab/rinngrp/mism6893/christian_timecourse/30-239079954/37_R2_001.fastq.gz,/scratch/Shares/rinn/Michael/firre_timecourse1/fastq/JR2552_read2.fastq.gz
/rinnlab/rinngrp/mism6893/christian_timecourse/30-239079954/38_R1_001.fastq.gz,/scratch/Shares/rinn/Michael/firre_timecourse1/fastq/JR2553_read1.fastq.gz
/rinnlab/rinngrp/mism6893/christian_timecourse/30-239079954/38_R2_001.fastq.gz,/scratch/Shares/rinn/Michael/firre_timecourse1/fastq/JR2553_read2.fastq.gz
/rinnlab/rinngrp/mism6893/christian_timecourse/30-239079954/39_R1_001.fastq.gz,/scratch/Shares/rinn/Michael/firre_timecourse1/fastq/JR2554_read1.fastq.gz
/rinnlab/rinngrp/mism6893/christian_timecourse/30-239079954/39_R2_001.fastq.gz,/scratch/Shares/rinn/Michael/firre_timecourse1/fastq/JR2554_read2.fastq.gz
/rinnlab/rinngrp/mism6893/christian_timecourse/30-239079954/4_R1_001.fastq.gz,/scratch/Shares/rinn/Michael/firre_timecourse1/fastq/JR2519_read1.fastq.gz
/rinnlab/rinngrp/mism6893/christian_timecourse/30-239079954/4_R2_001.fastq.gz,/scratch/Shares/rinn/Michael/firre_timecourse1/fastq/JR2519_read2.fastq.gz
/rinnlab/rinngrp/mism6893/christian_timecourse/30-239079954/40_R1_001.fastq.gz,/scratch/Shares/rinn/Michael/firre_timecourse1/fastq/JR2555_read1.fastq.gz
/rinnlab/rinngrp/mism6893/christian_timecourse/30-239079954/40_R2_001.fastq.gz,/scratch/Shares/rinn/Michael/firre_timecourse1/fastq/JR2555_read2.fastq.gz
/rinnlab/rinngrp/mism6893/christian_timecourse/30-239079954/41_R1_001.fastq.gz,/scratch/Shares/rinn/Michael/firre_timecourse1/fastq/JR2556_read1.fastq.gz
/rinnlab/rinngrp/mism6893/christian_timecourse/30-239079954/41_R2_001.fastq.gz,/scratch/Shares/rinn/Michael/firre_timecourse1/fastq/JR2556_read2.fastq.gz
/rinnlab/rinngrp/mism6893/christian_timecourse/30-239079954/42_R1_001.fastq.gz,/scratch/Shares/rinn/Michael/firre_timecourse1/fastq/JR2557_read1.fastq.gz
/rinnlab/rinngrp/mism6893/christian_timecourse/30-239079954/42_R2_001.fastq.gz,/scratch/Shares/rinn/Michael/firre_timecourse1/fastq/JR2557_read2.fastq.gz
/rinnlab/rinngrp/mism6893/christian_timecourse/30-239079954/43_R1_001.fastq.gz,/scratch/Shares/rinn/Michael/firre_timecourse1/fastq/JR2558_read1.fastq.gz
/rinnlab/rinngrp/mism6893/christian_timecourse/30-239079954/43_R2_001.fastq.gz,/scratch/Shares/rinn/Michael/firre_timecourse1/fastq/JR2558_read2.fastq.gz
/rinnlab/rinngrp/mism6893/christian_timecourse/30-239079954/44_R1_001.fastq.gz,/scratch/Shares/rinn/Michael/firre_timecourse1/fastq/JR2559_read1.fastq.gz
/rinnlab/rinngrp/mism6893/christian_timecourse/30-239079954/44_R2_001.fastq.gz,/scratch/Shares/rinn/Michael/firre_timecourse1/fastq/JR2559_read2.fastq.gz
/rinnlab/rinngrp/mism6893/christian_timecourse/30-239079954/45_R1_001.fastq.gz,/scratch/Shares/rinn/Michael/firre_timecourse1/fastq/JR2560_read1.fastq.gz
/rinnlab/rinngrp/mism6893/christian_timecourse/30-239079954/45_R2_001.fastq.gz,/scratch/Shares/rinn/Michael/firre_timecourse1/fastq/JR2560_read2.fastq.gz
/rinnlab/rinngrp/mism6893/christian_timecourse/30-239079954/46_R1_001.fastq.gz,/scratch/Shares/rinn/Michael/firre_timecourse1/fastq/JR2561_read1.fastq.gz
/rinnlab/rinngrp/mism6893/christian_timecourse/30-239079954/46_R2_001.fastq.gz,/scratch/Shares/rinn/Michael/firre_timecourse1/fastq/JR2561_read2.fastq.gz
/rinnlab/rinngrp/mism6893/christian_timecourse/30-239079954/47_R1_001.fastq.gz,/scratch/Shares/rinn/Michael/firre_timecourse1/fastq/JR2562_read1.fastq.gz
/rinnlab/rinngrp/mism6893/christian_timecourse/30-239079954/47_R2_001.fastq.gz,/scratch/Shares/rinn/Michael/firre_timecourse1/fastq/JR2562_read2.fastq.gz
/rinnlab/rinngrp/mism6893/christian_timecourse/30-239079954/48_R1_001.fastq.gz,/scratch/Shares/rinn/Michael/firre_timecourse1/fastq/JR2563_read1.fastq.gz
/rinnlab/rinngrp/mism6893/christian_timecourse/30-239079954/48_R2_001.fastq.gz,/scratch/Shares/rinn/Michael/firre_timecourse1/fastq/JR2563_read2.fastq.gz
/rinnlab/rinngrp/mism6893/christian_timecourse/30-239079954/5_R1_001.fastq.gz,/scratch/Shares/rinn/Michael/firre_timecourse1/fastq/JR2520_read1.fastq.gz
/rinnlab/rinngrp/mism6893/christian_timecourse/30-239079954/5_R2_001.fastq.gz,/scratch/Shares/rinn/Michael/firre_timecourse1/fastq/JR2520_read2.fastq.gz
/rinnlab/rinngrp/mism6893/christian_timecourse/30-239079954/6_R1_001.fastq.gz,/scratch/Shares/rinn/Michael/firre_timecourse1/fastq/JR2521_read1.fastq.gz
/rinnlab/rinngrp/mism6893/christian_timecourse/30-239079954/6_R2_001.fastq.gz,/scratch/Shares/rinn/Michael/firre_timecourse1/fastq/JR2521_read2.fastq.gz
/rinnlab/rinngrp/mism6893/christian_timecourse/30-239079954/7_R1_001.fastq.gz,/scratch/Shares/rinn/Michael/firre_timecourse1/fastq/JR2522_read1.fastq.gz
/rinnlab/rinngrp/mism6893/christian_timecourse/30-239079954/7_R2_001.fastq.gz,/scratch/Shares/rinn/Michael/firre_timecourse1/fastq/JR2522_read2.fastq.gz
/rinnlab/rinngrp/mism6893/christian_timecourse/30-239079954/8_R1_001.fastq.gz,/scratch/Shares/rinn/Michael/firre_timecourse1/fastq/JR2523_read1.fastq.gz
/rinnlab/rinngrp/mism6893/christian_timecourse/30-239079954/8_R2_001.fastq.gz,/scratch/Shares/rinn/Michael/firre_timecourse1/fastq/JR2523_read2.fastq.gz
/rinnlab/rinngrp/mism6893/christian_timecourse/30-239079954/9_R1_001.fastq.gz,/scratch/Shares/rinn/Michael/firre_timecourse1/fastq/JR2524_read1.fastq.gz
/rinnlab/rinngrp/mism6893/christian_timecourse/30-239079954/9_R2_001.fastq.gz,/scratch/Shares/rinn/Michael/firre_timecourse1/fastq/JR2524_read2.fastq.gz
